region_id,name,neighborhood,cuisine_type,address,phone,email,website,yelp_url,private_dining_info,approximate_capacity,notes
1,Union Restaurant,Old Town Pasadena,Italian / New American,"37 E Union St, Pasadena, CA 91103",(626) 795-5841,,https://www.unionpasadena.com/,https://www.yelp.com/biz/union-pasadena,Contact restaurant directly,~60 seats,Michelin Bib Gourmand. All pasta made in-house.
1,Agnes Restaurant & Cheesery,Old Town Pasadena,New American / Cheese-focused,"40 W Green St, Pasadena, CA 91105",(626) 389-3839,saycheese@agnesla.com,https://www.agnesla.com/,https://www.yelp.com/biz/agnes-restaurant-and-cheesery-pasadena,Contact restaurant for private events,~80 seats,Michelin Guide Recommended 2024. Former 1922 fire station horse stable.
1,The Arbour,South Lake Avenue Pasadena,New American / Farm-to-Table,"527 S Lake Ave, Ste 120, Pasadena, CA 91101",(626) 396-4925,info@thearbourpasadena.com,https://www.thearbourpasadena.com/,https://www.yelp.com/biz/the-arbour-pasadena-2,Contact restaurant,~60 seats,Chef Ian Gresik. Known for spicy beef chili candle appetizer.
1,The Raymond 1886,South Pasadena border,New American,"1250 S Fair Oaks Ave, Pasadena, CA 91105",(626) 441-3136,info@theraymond.com,https://theraymond1886.com/,https://www.yelp.com/biz/the-raymond-1886-pasadena,Yes -- Grand Patio (70 seated/100 cocktail); Fireside Terrace (40/50); Cactus Garden (25/35); 1886 Bar (25); Sunroom (25/35),Up to ~100 cocktail,Historic property. Brunch events $65-85/pp; dinner $85-110/pp.
1,Arroyo Chop House,Arroyo Parkway Pasadena,Steakhouse (USDA Prime),"536 S Arroyo Pkwy, Pasadena, CA 91105",(626) 577-7463,party@arroyochophouse.com,https://www.arroyochophouse.com/,https://www.yelp.com/biz/arroyo-chop-house-pasadena,Yes -- Arroyo Room; Prime Room; Covered Patio; Combined up to 80,Up to 80,40+ year Pasadena institution. Also available for film/TV location shoots.
1,Alexander's Steakhouse,Downtown Pasadena,Fine Dining Steakhouse / Japanese,"111 N Los Robles Ave, Pasadena, CA 91101",(626) 486-1111,contact.pas@alexanderssteakhouse.com,https://alexanderssteakhouse.com/pasadena/,https://www.yelp.com/biz/alexanders-steakhouse-pasadena-pasadena-3,Yes -- West Room; East+West Combined; Patio; Front Dining Room; Full Buyout,Full buyout available,20 years of Wagyu mastery. Pioneers of authentic Wagyu in California.
1,Cafe Santorini,Old Town Pasadena,Mediterranean,"64 W Union St, Pasadena, CA 91103",(626) 564-4200,,https://cafesantorini.com/,https://www.yelp.com/biz/caf%C3%A9-santorini-pasadena-2,Rooftop patio available for events,~120 (indoor + rooftop),Open since 1993. Romantic rooftop patio dining.
1,Bone Kettle,Old Town Pasadena,Southeast Asian,"67 N Raymond Ave, Pasadena, CA 91103",(626) 765-3788,,https://www.bonekettle.com/,https://www.yelp.com/biz/bone-kettle-pasadena,Contact for semi-private options,~50 seats,Family-run. Famous for bone broth boiled 36 hours.
1,Celestino Ristorante & Bar,South Lake Avenue Pasadena,Italian,"141 S Lake Ave, Pasadena, CA 91101",(626) 795-4006,info@celestinopasadena.com,https://celestinopasadena.com/,https://www.yelp.com/biz/celestino-pasadena,Yes -- Garden View Room seats up to 55; no upcharge,55 (private room),20+ years. Drago restaurant family.
1,Dos Besos,Old Town Pasadena,Spanish (Tapas/Paella),"99 Union St, Pasadena, CA 91103",(626) 696-3741,dosbesospasadena@gmail.com,https://thedosbesos.com/,https://www.yelp.com/biz/dos-besos-pasadena,Contact for full buyout options,~30-40 seats,Chef Alejandro Llobet (Barcelona-born). 4.8/5 rating.
1,Howlin' Ray's,Arroyo Parkway Pasadena,Nashville Hot Chicken,"800 S Arroyo Pkwy, Pasadena, CA 91105",(213) 935-8399,hello@howlinrays.com,https://howlinrays.com/,https://www.yelp.com/biz/howlin-rays-pasadena-3,Not typically available; casual counter-service,~80 seats,Five spice levels. Second location (original in Chinatown).
1,Colette,East Pasadena,Cantonese / Dim Sum,"975 N Michillinda Ave, Pasadena, CA 91107",(626) 510-6286,info@colettepasadena.com,https://www.colettepasadena.com/,https://www.yelp.com/biz/colette-pasadena-2,Contact restaurant,~50 seats,Modern Californian twist on Cantonese dim sum.
1,Javier's,Old Town Pasadena,Elevated Mexican,"24 W Union St, Pasadena, CA 91103",(626) 773-3579,,https://www.javiersfinestfoods.com/pasadena,https://www.yelp.com/biz/javiers-pasadena-11,Contact restaurant; large space,~150 seats,Heritage elevated Mexican cuisine.
1,Fogo de Chao,Old Town Pasadena,Brazilian Steakhouse,"234 E Colorado Blvd, Pasadena, CA 91101",(626) 556-9222,pasadena@fogo.com,https://fogodechao.com/location/pasadena/,https://www.yelp.com/biz/fogo-de-ch%C3%A3o-brazilian-steakhouse-pasadena-2,Yes -- Private dining rooms and event spaces,~200+,Historic bank building. Expansive dining room.
1,Parkway Grill,Arroyo Parkway Pasadena,New American / California,"510 S Arroyo Pkwy, Pasadena, CA 91105",(626) 795-1001,party@theparkwaygrill.com,https://www.theparkwaygrill.com/,https://www.yelp.com/biz/parkway-grill-pasadena,Yes -- Grill Room (35); Atrium (20); Full Buyout (200),200 (full buyout),Wine Spectator Best Of since 1999. Live music nightly.
1,Bistro 45,South Lake Pasadena,New American / French,"45 S Mentor Ave, Pasadena, CA 91106",(626) 795-2478,bistro45restaurant@gmail.com,https://bistro45.com/,https://www.yelp.com/biz/bistro-45-pasadena,Yes -- Private party spaces and full catering,~100 seats,31+ years in 1939 Art Deco building.
1,Bacchus Kitchen + Wine Bar,Pasadena,American / Wine Bar,"1384 E Washington Blvd, Pasadena, CA 91104",(626) 594-6377,info@claudandco.com,https://www.bacchuskitchen.com/,https://www.yelp.com/biz/bacchus-kitchen-wine-bar-pasadena,Yes -- Private Room (30+); Patio (35+); Full Buyout (80+),80+ (full buyout),Private dining patio and buyout options.
1,Lunasia Dim Sum House,Old Town Pasadena,Dim Sum / Cantonese,"239 E Colorado Blvd, Pasadena, CA 91101",(626) 793-8822,cs@lunasiagroup.com,https://lunasiadimsum.com/,https://www.yelp.com/biz/lunasia-dim-sum-house-pasadena-4,Large space; contact for groups,~150 seats,Michelin Bib Gourmand. Second location (original in Alhambra).
1,IX Tapa Cantina,Old Town Pasadena,Mexican / Nightlife,"119 E Colorado Blvd, Pasadena, CA 91105",(626) 304-1000,admin@cantinaixtapa.com,https://cantinaixtapa.com/,https://www.yelp.com/biz/ixtapa-cantina-pasadena-2,Yes -- 7000+ sq ft; 2 full bars; available for private events,~300,Live music dancing salsa nights.
1,Pie 'n Burger,Pasadena,American Diner / Burgers,"913 E California Blvd, Pasadena, CA 91106",(626) 795-1123,,https://pienburger.com/,https://www.yelp.com/biz/pie-n-burger-pasadena-2,N/A (small classic diner),~40 seats,Since 1963. Iconic Pasadena institution near CalTech.
1,Panda Inn,East Pasadena,Chinese,"3488 E Foothill Blvd, Pasadena, CA 91107",(626) 793-7300,tan.lu@pandaRG.com,https://www.pandainn.com/,https://www.yelp.com/biz/panda-inn-pasadena-4,Banquet rooms available,~200 seats,Founded 1973 by Andrew Cherng. Original concept that led to Panda Express.
1,Porto's Bakery (Glendale),Downtown Glendale,Cuban Bakery / Cafe,"315 N Brand Blvd, Glendale, CA 91203",(818) 956-5996,contactus@portosbakery.com,https://www.portosbakery.com/,https://www.yelp.com/biz/portos-bakery-and-cafe-glendale,N/A (counter service),~100 seats,#1 place to eat in the US (Yelp). Established 1960.
1,Raffi's Place,Downtown Glendale,Middle Eastern / Persian,"211 E Broadway, Glendale, CA 91205",(818) 240-7411,,https://www.raffisplace.com/,https://www.yelp.com/biz/raffis-place-glendale-2,Reservations for 10+ people,~150 seats,Established 1993. No reservations for fewer than 10.
1,Carousel Restaurant,Downtown Glendale,Lebanese / Armenian,"304 N Brand Blvd, Glendale, CA 91203",(818) 246-7775,info@carouselrestaurant.com,https://carouselrestaurant.com/,https://www.yelp.com/biz/carousel-restaurant-glendale,Large space; contact for private events,~200 seats,20+ years. Also has a Hollywood location.
1,Damon's Steak House,Downtown Glendale,Steakhouse / Tiki,"317 N Brand Blvd, Glendale, CA 91203",(818) 507-1510,info@damonsglendale.com,https://www.damonsglendale.com/,https://www.yelp.com/biz/damons-steak-house-glendale,Large venue; tiki room for events,~200 seats,Since 1937. Vintage Tiki vibe.
1,Mini Kabob,Glendale,Armenian,"313 1/2 Vine St, Glendale, CA 91204",(818) 244-1343,,https://mini-kabob.com/,https://www.yelp.com/biz/mini-kabob-glendale,N/A (tiny takeout),~10 seats,LA Times 101 Best; NY Times Top 50 nationwide. Family-run.
1,Bacari GDL,The Americana Glendale,Mediterranean / Venetian,"757 Americana Way, Glendale, CA 91210",(323) 986-6763,events@bacari.us,https://www.eatwithbacari.com/gdl-events,https://www.yelp.com/biz/bacari-gdl-glendale-3,Yes -- Events available at GDL location,~120 seats,Chef Lior Hillel. Venetian-inspired small plates.
1,Bourbon Steak,Downtown Glendale,Fine Dining Steakhouse,"237 S Brand Blvd, Glendale, CA 91210",(818) 839-4130,events-la@bourbonsteak.com,https://michaelmina.net/,https://www.yelp.com/biz/bourbon-steak-glendale-13,Yes -- Fine dining private dining available,~150 seats,Chef Michael Mina. Classic Americana with world flavors.
1,Paradise Dynasty,The Americana Glendale,Chinese (Xiao Long Bao),"177 Caruso Ave, Glendale, CA 91210",(858) 351-4177,,https://www.paradisegp.com/usa/,https://www.yelp.com/biz/paradise-dynasty-glendale,Contact restaurant,~100 seats,World's first 8-flavored Xiao Long Bao. First LA location.
1,Zhengyalov Hatz,Downtown Glendale,Armenian,"318 E Broadway, Glendale, CA 91205",(818) 696-9339,,https://zhengyalovhatzla.com/,https://www.yelp.com/biz/zhengyalov-hatz-glendale,N/A (small bakery),~20 seats,2025 Michelin Guide featured. Armenian flatbread with 10+ herbs.
1,Castaway Burbank,Burbank Hills,California / Steakhouse,"1250 E Harvard Rd, Burbank, CA 91501",(818) 848-6691,castawayburbank@srcmail.com,https://www.castawayburbank.com/,https://www.yelp.com/biz/castaway-burbank-burbank-6,Yes -- Full-service events team. Weddings corporate private parties.,~300+,Hilltop views of LA skyline. Modern gourmet experience.
1,The Smoke House,Downtown Burbank,American Steakhouse,"4420 W Lakeside Dr, Burbank, CA 91505",(818) 845-3731,,https://www.smokehouse1946.com/,https://www.yelp.com/biz/smoke-house-burbank-6,Yes -- Classic event space,~200 seats,Burbank classic since 1946. Adjacent to Warner Bros. studio.
1,Bob's Big Boy,Burbank,American Diner,"4211 W Riverside Dr, Burbank, CA 91505",(818) 843-9334,,https://bobs.net/,https://www.yelp.com/biz/bob-s-big-boy-burbank,Classic car show Fridays; special events possible,~150 seats,Oldest Big Boy in the country. Iconic Googie architecture.
1,Porto's Bakery (Burbank),Magnolia Park Burbank,Cuban Bakery / Cafe,"3614 Magnolia Blvd, Burbank, CA 91505",(818) 846-9100,,https://www.portosbakery.com/,https://www.yelp.com/biz/portos-bakery-and-cafe-burbank,N/A (counter service),~80 seats,Same legendary Cuban bakery.
1,Olive & Thyme,Burbank / Toluca Lake,Gourmet Cafe / Mediterranean,"3821 W Riverside Dr, Burbank, CA 91505",(818) 557-1560,,https://oliveandthyme.com/,https://www.yelp.com/biz/olive-and-thyme-toluca-lake-2,Yes -- Full-service catering; Hollywood Bowl baskets,~60 seats per location,Chef Melina Davies. 50+ international cheeses. 3 locations.
1,Palma Ristorante,Downtown Burbank,Fine Dining / Steakhouse,"269 E Palm Ave, Burbank, CA 91502",(818) 748-3000,info@palmaburbank.com,https://palmausa.com/,https://www.yelp.com/biz/palma-ristorante-burbank,Contact restaurant; upscale venue,~100 seats,Premier fine dining in Burbank. Open late.
1,Morton's The Steakhouse (Burbank),Burbank Media District,Fine Dining Steakhouse,"3400 W Olive Ave, Burbank, CA 91505",(818) 238-0424,,https://www.mortons.com/location/mortons-the-steakhouse-burbank-ca/,https://www.yelp.com/biz/mortons-the-steakhouse-burbank,Yes -- Private dining rooms for 10 to 100,Up to 100 (private),Adjacent to NBC Warner Bros Disney ABC Universal.
1,Gus's BBQ,South Pasadena,BBQ / Southern,"808 Fair Oaks Ave, South Pasadena, CA 91030",(626) 799-3251,southpasadena@gussbbq.com,https://www.gussbbq.com/,https://www.yelp.com/biz/guss-barbecue-south-pasadena,Yes -- Private room up to 20; full catering available,20 (private); ~120 total,Since 1946. On historic Route 66. Meats smoked over pecan logs.
1,Cannonball,South Pasadena,New American / Wine Bar,"1010 Mission St, South Pasadena, CA",(310) 954-9279,hello@cannonballla.com,https://www.cannonballla.com/,https://www.yelp.com/biz/cannonball-south-pasadena,Patio with 100-year-old oak tree; contact restaurant,~40 seats,Chef Matt Molina (James Beard Award winner). Hundreds of wines.
1,Chengdu Taste,Alhambra,Sichuan Chinese,"828 W Valley Blvd, Alhambra, CA 91803",(626) 588-2284,,https://chengdu-taste-alhambra.com/,https://www.yelp.com/biz/chengdu-taste-alhambra-6,Large restaurant; contact for groups,~100 seats,Michelin Bib Gourmand. Iconic LA Sichuan staple.
1,Lunasia Dim Sum House (Alhambra),Alhambra,Dim Sum / Cantonese,"500 W Main St, Alhambra, CA 91801",(626) 308-3222,cs@lunasiagroup.com,https://lunasiadimsum.com/,https://www.yelp.com/biz/lunasia-dimsum-house-alhambra-2,Large space; contact for group events,~150 seats,Michelin Bib Gourmand 2025. Original location.
1,Sichuan Impression,Alhambra,Sichuan Chinese,"235 W Main St, Ste B, Alhambra, CA 91801",(626) 283-4622,,https://www.sichuanimpressions.com/,https://www.yelp.com/biz/sichuan-impression-alhambra-3,Large tables communal dining; contact for groups,~80 seats,Michelin Bib Gourmand 2025.
1,Yang's Kitchen,Alhambra,Modern Taiwanese-Chinese,"112 W Main St, Alhambra, CA 91801",(626) 281-1035,hello@yangskitchenla.com,https://www.yangskitchenla.com/,https://www.yelp.com/biz/yang-s-kitchen-alhambra,Limited; dinner reservations Thu-Sun via OpenTable,~40 seats,#1 ranked restaurant in Alhambra.
1,Ipoh Kopitiam,Alhambra,Malaysian,"1411 S Garfield Ave, Ste 104, Alhambra, CA 91801",(626) 703-4198,,https://www.ipoh-kopitiam.com/,https://www.yelp.com/biz/ipoh-kopitiam-alhambra,Contact restaurant,~40 seats,Michelin Bib Gourmand 2025.
1,Julienne Fine Foods,San Marino,French-inspired / Provencal,"2649 Mission St, San Marino, CA 91108",(626) 441-2299,,https://www.juliennetogo.com/,https://www.yelp.com/biz/julienne-san-marino,Yes -- Celebrations catering and events,~60 seats (cafe); larger for catering,40 years in San Marino. Established 1985.
2,The Strand House,Manhattan Beach,Coastal California / New American,117 Manhattan Beach Blvd Manhattan Beach CA 90266,(310) 545-7470,events@thestrandhousemb.com,https://www.thestrandhousemb.com/,https://www.yelp.com/biz/the-strand-house-manhattan-beach,Ocean View Room 42 seated; Sunset Balcony 30 seated; full main dining room buyout up to 150 guests,150,Iconic ocean-view restaurant above Manhattan Beach Pier; floor-to-ceiling windows; Chef Chris Park; StrandBar cocktail lounge downstairs; coastal California cuisine; one of South Bay's premier event venues; sunsets are exceptional
2,Manhattan Beach Post (MB Post),Manhattan Beach,New American / Small Plates,1142 Manhattan Ave Manhattan Beach CA 90266,(310) 545-5405,,https://www.eatmbpost.com/,https://www.yelp.com/biz/manhattan-beach-post-manhattan-beach,No dedicated private room; full buyout possible; contact directly,80,Michelin Bib Gourmand 2022 & 2023; Chef/Owner David LeFevre (Michelin-starred); farm-to-table artisan small plates; landmark that transformed Manhattan Beach dining scene; opened 2011 in former post office building; handcrafted cocktails and small-production wines
2,Fishing with Dynamite (FWD),Manhattan Beach,Seafood / Oyster Bar,1148 Manhattan Ave Manhattan Beach CA 90266,(310) 893-6299,,https://eatfwd.com/,https://www.yelp.com/biz/fishing-with-dynamite-manhattan-beach,Small 32-seat restaurant; full buyout available; contact for details,32,2025 Michelin Guide Recommended; Michelin Plate 2019; Chef David LeFevre; best oyster bar in South Bay; LA Magazine Best New Restaurant; OpenTable 100 Best Restaurants 2016/2017/2019; lively and cheerful
2,The Arthur J,Manhattan Beach,Steakhouse / New American,903 Manhattan Ave Manhattan Beach CA 90266,(310) 878-9620,,https://thearthurj.com/,https://www.yelp.com/biz/the-arthur-j-manhattan-beach,Private dining room available for groups; main dining room and bar for larger events; contact directly,80,Michelin Plate 2022; Chef/Owner David LeFevre; massive wood-fired grill; named for Arthur J Simms local restaurant patriarch; top South Bay steakhouse; dinner only; partnership with Simms family
2,Love & Salt,Manhattan Beach,Italian-Californian,317 Manhattan Beach Blvd Manhattan Beach CA 90266,(310) 545-5252,privatebooking@loveandsaltla.com,https://www.loveandsaltla.com/,https://www.yelp.com/biz/love-and-salt-manhattan-beach,Private wine cellar seats up to 20 (16 with A/V); complete privacy with closing door; family-style menu required; $1500 F&B minimum; $75-85/person,20,Beloved neighborhood Italian-Californian; steps from Manhattan Beach pier; evolved from Cafe Pierre (1977); Southern California soul with Italian inspiration; owned by Guy & Sylvie Gabriele; 4.7 stars OpenTable
2,Petros,Manhattan Beach,Greek / Hellenic-Californian,451 Manhattan Beach Blvd Suite B110 Manhattan Beach CA 90266,(310) 545-4100,info@petrosrestaurant.com,https://www.petrosbrand.com/locations/petros-manhattan-beach,https://www.yelp.com/biz/petros-manhattan-beach-manhattan-beach,Main dining room and patio for private parties and banquets; customized group menus; offsite catering available,100,Upscale Greek-California fusion; imports wine honey and olive oil from Greece; organic produce from own farms in Los Olivos; LA Times praised; parking garage on-site; polished and elegant service; 4.8 stars OpenTable
2,BOA Steakhouse,Manhattan Beach,Steakhouse,3110 N Sepulveda Blvd Manhattan Beach CA 90266,(310) 683-4080,,https://www.boasteak.com/manhattan-location/,https://www.yelp.com/biz/boa-steakhouse-manhattan-beach-3,Special events and private dining available; contact special events team,80,Upscale steakhouse chain; prime steaks and seafood; 40-day dry-aged NY strip; A5 Wagyu; open lunch and dinner daily; 50% off wine bottles Wednesdays; happy hour daily 3-5pm; strong corporate dining reputation
2,Tin Roof Bistro (T.R.B.),Manhattan Beach,New American / Wine Bar,3500 N Sepulveda Blvd Manhattan Beach CA 90266,(310) 939-0900,,https://www.tinroofbistro.com/,https://www.yelp.com/biz/tin-roof-bistro-manhattan-beach,Private Wine Cellar seats 64 (80 cocktail); Courtyard Patio for outdoor events; full buyout possible,120,California wine country bistro inside Manhattan Village Mall; mahogany bar; wine library; display kitchen; 4.8 stars OpenTable with 5600+ reviews; winemaker dinners; bocce tournaments; extremely popular local institution
2,JOEY Manhattan Beach,Manhattan Beach,Contemporary / Global,1000 Manhattan Beach Blvd Manhattan Beach CA 90266,(310) 321-0600,,https://www.joeyrestaurants.com/,https://www.yelp.com/biz/joey-manhattan-beach,Group dining and semi-private areas available; contact events team,150,Upscale casual chain with chef-driven globally-inspired menu; great for special occasions and corporate gatherings; full bar; lively atmosphere; popular with beach crowd and business diners
2,Lunetta,Manhattan Beach,California / New American,2804 Highland Ave Manhattan Beach CA 90266,(310) 318-6098,,http://www.lunettamb.com/,https://www.yelp.com/biz/lunetta-manhattan-beach,Dining room and bar available for private events; contact directly,70,Chef Raphael Lunetta; rustic California dining room and bar; locally sourced and responsibly grown seasonal menu; locally roasted coffee; classic cocktails; large craft beer selection; warm neighborhood vibe
2,Esperanza Cocina de la Playa,Manhattan Beach,Upscale Mexican / Coastal,309 Manhattan Beach Blvd Manhattan Beach CA 90266,(310) 318-2120,,https://www.esperanzamb.com/,https://www.yelp.com/biz/esperanza-cocina-de-la-playa-manhattan-beach,Semi-private areas and patio for groups; contact directly,100,Luxury resort-caliber Mexican dining in Manhattan Beach; striking all-white dining room; top-notch margaritas; upscale seafood including crab enchiladas; four blocks from beach; vibrant upscale atmosphere
2,Slay Steak + Fish House,Manhattan Beach,Steakhouse / Seafood / New American,1141 Manhattan Ave Manhattan Beach CA 90266,(310) 802-1972,info@slaysteakandfishhouse.com,https://www.slaysteakandfishhouse.com/,https://www.yelp.com/biz/slay-steak-fish-house-manhattan-beach,Private dining available; contact directly,80,David Slay restaurant in former Darren's space; steak and seafood focused; prime downtown Manhattan Beach location; South Bay dining veteran behind concept
2,Baran's 2239,Hermosa Beach,New American / Seasonal,502 Pacific Coast Hwy Hermosa Beach CA 90254,(424) 247-8468,,https://www.barans2239.com/,https://www.yelp.com/biz/barans-2239-hermosa-beach,Private event and dinner party venue; contact via website,60,Michelin Bib Gourmand 2019-2023; brothers Jason and Jonathan Baran; Chef Tyler Gugliotta; all house-made from scratch; seasonal rotating menu; 100+ wines by bottle; 40+ craft beers; steps from Pacific coastline; casual yet refined
2,RYLA,Hermosa Beach,Asian-Californian / Asian Fusion,1220 Hermosa Ave Hermosa Beach CA 90254,(424) 247-9881,davidr@eatryla.com,https://eatryla.com/,https://www.yelp.com/biz/ryla-hermosa-beach-2,Private dining room seats 20-30 guests,30,Michelin Plate 2022; 2025 Michelin Guide Recommended; Chef Ray Hayashi & Chef Cynthia Hetlinger; coastal California cuisine with Japanese flavors; alumni of MB Post FWD and Providence; critically acclaimed; Saturday/Sunday brunch
2,Palmilla Cocina y Tequila,Hermosa Beach,Mexican / Baja Cuisine,39 Pier Ave Hermosa Beach CA 90254,(310) 374-4440,reservations@palmillahb.com,https://palmillarestaurant.com/,https://www.yelp.com/biz/palmilla-cocina-y-tequila-hermosa-beach,Full-service patio and private dining areas; on-site events manager; custom group menus; contact events at 310-977-7939,100,Only fine dining on Hermosa Beach Pier; gourmet regional Mexican; best premium tequila selection in South Bay; designed by G+ Gulla Jonsdottir; oceanfront promenade setting; 4.7 stars OpenTable
2,The Bottle Inn Hermosa,Hermosa Beach,Italian,26 22nd St Hermosa Beach CA 90254,(310) 376-9595,thebottleinnhermosa@gmail.com,http://www.thebottleinnhermosa.com/,https://www.yelp.com/biz/the-bottle-inn-hermosa-hermosa-beach,Wine cellar seats 25; semi-private front room 30; back private room ~15; lunch or dinner private events; no outside wines in private events,30,South Bay institution since 1974; 50+ years in business; Wine Spectator Award of Excellence; cozy Italian; ocean view patio; 4.9 stars OpenTable; half-price local winemaker bottles on Wednesdays
2,Steak & Whisky,Hermosa Beach,Steakhouse / American Brasserie,117 Pier Ave Hermosa Beach CA 90254,(310) 318-5555,eventmanager@blackhousehg.com,https://www.steakandwhisky.com/,https://www.yelp.com/biz/steak-and-whisky-hermosa-beach-6,Designated area for groups within dining room; full venue buyout available,80,Chef Tin Vuong / Blackhouse Hospitality; 1920s historic brick building; 200+ whiskeys; 80 wines; 30-day dry-aged Porterhouse; Lamb Osso Bucco; Butter Poached Lobster; French techniques; rustic leather booths and brick walls
2,Slay Hermosa,Hermosa Beach,New American / Farm-to-Beach,2620 Hermosa Ave Hermosa Beach CA 90254,(310) 921-8779,slayhermosa@gmail.com,https://www.slayhermosa.com/,https://www.yelp.com/biz/slay-hermosa-hermosa-beach,Rooftop available for private events including birthdays corporate dinners holiday parties; 3 distinct dining areas,80,Farm-to-Beach concept; ingredients from Slay Vineyard; team behind Martha's Cafe and The Bottle Inn; inside dining + outdoor porch patio + rooftop; vintage coastal decor; retro beach club energy; brunch on weekends
2,Fox & Farrow,Hermosa Beach,New American / Speakeasy,1332 Hermosa Ave Hermosa Beach CA 90254,(310) 937-2598,FoxandFarrow@gmail.com,https://www.foxandfarrow.com/,https://www.yelp.com/biz/fox-and-farrow-hermosa-beach,Private dining and buyout available; contact directly,60,Speakeasy vibe; described as Michelin-worthy; Chef Darren Weiss (formerly of Darren's Manhattan Beach); bold international flavors with fresh local ingredients; upstairs entrance; unique and sophisticated South Bay experience
2,Radici Italian Ristorante,Hermosa Beach,Italian,934 Hermosa Ave Hermosa Beach CA 90254,(310) 318-0778,,https://www.radicihermosabeach.com/,https://www.yelp.com/biz/radici-hermosa-beach-2,Dining room 60 seated / 90 standing; bar 16 / 25 standing; outdoor patio 20 / 25 standing; full buyout 150 seated / 175 standing,175,Authentic Italian from family recipes (Pacentro Italy); Nonna Lucia's heritage recipes; Wine Wednesday and Lasagna Sunday events; family-owned; upscale modern setting; Hermosa Ave location
2,The Rockefeller,Hermosa Beach,Gastropub / American,418 Pier Ave Hermosa Beach CA 90254,(310) 372-8467,kelly@eatrockefeller.com,https://www.eatrockefeller.com/,https://www.yelp.com/biz/rockefeller-hermosa-beach-hermosa-beach,Newly remodeled private event room; hosted weddings rehearsal dinners corporate luncheons Super Bowl parties holiday mixers; full events team,100,South Bay's Original Gastropub since 2002; craft beer and wine; fresh local ingredients; 3 South Bay locations; 4.8 stars OpenTable; bottomless mimosa brunch; great for casual corporate events
2,Chart House,Redondo Beach,Seafood / American,231 Yacht Club Way Redondo Beach CA 90277,(310) 372-3464,,https://www.chart-house.com/location/chart-house-redondo-beach-ca/,https://www.yelp.com/biz/chart-house-redondo-beach,America's Cup Room 40; Harbor Room 85; Sunset Room 70; full venue buyout up to 300; outdoor oceanfront terrace,300,Established 1969; panoramic Pacific Ocean views; waterfront King Harbor location; Diners Choice Award for Seafood and Scenic Views; dedicated private events coordinator; one of South Bay's most experienced event venues
2,Pacific Standard Prime,Redondo Beach,Steakhouse / Californian,1810 S Pacific Coast Hwy Redondo Beach CA 90277,(424) 247-7521,service@pspsteak.com,https://www.pspsteak.com/,https://www.yelp.com/biz/pacific-standard-prime-redondo-beach,Dining room bar area and outdoor patio for private events; full buyout available; contact directly,80,Voted South Bay's Best Steakhouse Best Chef and Best Sommelier; modern California steakhouse; seasonal sustainable all-natural beef; open Sunday brunch; owner Kevin personally attentive to guests
2,Montauk,Redondo Beach,Coastal American / Seafood,1611 S Catalina Ave Suite 150 Redondo Beach CA 90277,(213) 596-2699,info@montaukinredondo.com,https://www.montaukinredondo.com/,https://www.yelp.com/biz/montauk-redondo-beach,Private events in The Dining Room The Garden and The Den jazz lounge; wine tastings $50/person; contact reservations@montaukinredondo.com,160,Opened Oct 2025; East Hamptons sophistication meets SoCal coastal; 160-seat Riviera Village restaurant; Executive Chef Rob White; The Den jazz lounge with nightly live music; KJazz 88.1 partnerships; sommelier-curated wine list; buzzy new arrival
2,Bettolino Kitchen,Redondo Beach,Italian-Californian,211 Palos Verdes Blvd Redondo Beach CA 90277,(310) 375-0500,,https://www.bettolinokitchen.com/,https://www.yelp.com/biz/bettolino-kitchen-redondo-beach-3,Celebrations and special events available via website; contact directly,70,Modern California-Italian; housemade pastas; locally sourced ingredients; founded by Andreanna and Sean Liguore (family behind Gaetano's); Riviera Village; lemon tagliatelle with scallops and brasato short rib standouts
2,The Rex Seaside Steakhouse,Redondo Beach,Steakhouse,221 Ave I Redondo Beach CA 90277,(310) 316-9041,events@therexsteakhouse.com,https://therexsteakhouse.com/,https://www.yelp.com/biz/the-rex-seaside-steakhouse-redondo-beach,2nd and 3rd floor private spaces exclusively for private events; Tastemaker Dinner Series with wineries and distilleries,80,Hollywood Riviera neighborhood; USDA Prime + Miyazaki A5 Wagyu + American Wagyu; white oak fire cooking; family-owned luxury experience with neighborhood warmth; pan-Asian flair; 4.6 stars OpenTable
2,Salt & Pearl,Redondo Beach,Seafood / Steak,1719 S Catalina Ave Redondo Beach CA 90277,(310) 372-0122,info@saltandpearlrb.com,https://saltandpearlrb.com,https://www.yelp.com/biz/salt-and-pearl-redondo-beach,Indoor dining room and street-side patio for private events; contact directly,60,New culinary renaissance for South Bay; premium seafood and prime meats; seasonal ingredients; Chef Alex Schwartzman; Surf & Turf Sundays; S&P Supper prix fixe; Tomahawk Tuesdays; Riviera Village location
2,Zoku Yakitori,Redondo Beach,Japanese / Yakitori / Izakaya,261 Avenida del Norte Redondo Beach CA 90277,(650) 376-5476,,https://www.zokuyakitori.com/,https://www.yelp.com/biz/zoku-redondo-beach-3,Tables can be combined for larger groups; counter and table seating; reservations via OpenTable,40,Chefs trained in Hinai Jidori prestigious yakitori tradition; premium binchotan charcoal grilling; A5 wagyu and unagi skewers; furniture crafted in Japan; sake wine and craft beer; intimate and highly authentic
2,Little Sister (Redondo Beach),Redondo Beach,Vietnamese / Modern Southeast Asian,247 Avenida Del Norte Redondo Beach CA 90277,(424) 398-0237,,https://www.dinelittlesister.com/,https://www.yelp.com/biz/little-sister-redondo-beach-4,Private events; contact Amy Lambertson at 714-420-0722,60,Chef Tin Vuong / Blackhouse Hospitality; East-meets-West inspired dishes; relaxed residential feel; bold Southeast Asian flavors; happy hour Mon-Fri 3-6pm; opened in former Suburbia space
2,The Fox Den,Redondo Beach,Cocktail Lounge / Upscale Bar,1312 Pacific Coast Hwy Redondo Beach CA 90277,(310) 540-2533,FoxandFarrow@gmail.com,https://www.foxandfarrow.com/the-fox-den/,https://www.yelp.com/biz/the-fox-den-redondo-beach-2,Full venue for cocktail receptions and private events; contact directly,80,Upscale cocktail lounge connected to Fox & Farrow brand; South Bay's most intriguing hideaway; timeless sophistication with air of mystery; open 7 days 11am-2am; great for corporate cocktail receptions
2,Fleming's Prime Steakhouse & Wine Bar,El Segundo,Steakhouse / Fine Dining,2301 Rosecrans Ave Suite 1125 El Segundo CA 90245,(310) 643-6911,,https://www.flemingssteakhouse.com/locations/ca/el-segundo,https://www.yelp.com/biz/fleming-s-prime-steakhouse-and-wine-bar-el-segundo-2,Manhattan Room 24; Hermosa Room 30; El Segundo Room 44; Redondo Patio 65; Cisco video conferencing available for all rooms,65,National upscale steakhouse chain near LAX; USDA Prime steaks and seafood; Filet & Cellar Event Prix Fixe $79/guest; dedicated Events & Catering Associate; corporate-meeting friendly with AV; lunch and dinner
2,Fogo de Chao,El Segundo,Brazilian Steakhouse / Churrasco,2121 Rosecrans Ave Suite 1399 El Segundo CA 90245,(424) 397-1660,,https://fogodechao.com/location/el-segundo/,https://www.yelp.com/biz/fogo-de-ch%C3%A3o-el-segundo-10,1 private dining room; full restaurant buyout; dedicated sales managers for 15+ guests; complimentary AV; HD streaming internet; no room rental fee,285,Brazilian churrasco; open kitchen with gaucho chefs; white Carrara Market Table; glass-encased wine room; dry-aged meat locker; 285-person seating; 0.5 miles from The Point mall; near Manhattan Beach
2,Caló Kitchen + Tequila,El Segundo,Mexican / Contemporary,2191 Rosecrans Ave Suite B El Segundo CA 90245,(424) 269-2322,,https://calokitchen.com/Locations/El-Segundo/,https://www.yelp.com/biz/cal%C3%B3-kitchen-tequila-el-segundo-el-segundo,Private dining events available; contact via website calokitchen.com/Private-Dining,100,Modern upscale Mexican; 100+ tequila selections; dozen+ margarita varieties; 3-generation family cooking inspiration; upstairs dining; popular for corporate entertaining; thoughtful and welcoming service
2,Little Sister (El Segundo / The Point),El Segundo,Vietnamese / Modern Southeast Asian,830 S Pacific Coast Hwy Suite 100 El Segundo CA 90245,(424) 835-9878,,https://www.dinelittlesister.com/location/little-sister-the-point/,https://www.yelp.com/biz/little-sister-el-segundo,Private events available; contact Amy Lambertson at 714-420-0722,80,Chef Tin Vuong / Blackhouse Hospitality; The Point location; bold Southeast Asian flavors; modern Vietnamese; open lunch and dinner; happy hour daily 3-6pm; great for corporate team lunches and dinners
2,Sausal,El Segundo,Mexican / Contemporary,219 Main St El Segundo CA 90245,(310) 322-2721,Kate@sausal.com,https://www.sausal.com/,https://www.yelp.com/biz/sausal-el-segundo,15 to 200 guests; semi-private curtained area; on-premise and offsite catering; contact Nancy at 310-363-3740,200,Rancho cooking inspiration - wood fire smoke and slow-roasting; bold Mexican flavors; farmers market bounty; LGBTQ-owned and women-owned; indoor fireplace; patio dining; happy hour daily 3-6pm; Main Street El Segundo
2,Nomad Eatery,El Segundo,Mediterranean / Global Fusion,2041 Rosecrans Ave Suite 190 El Segundo CA 90245,(310) 606-5500,eat@nomadsouthbay.com,https://nomadsouthbay.com/,https://www.yelp.com/biz/nomad-eatery-el-segundo,Main dining area 60 seated; bar area 25 seated; full buyout up to 100; free parking adjacent; BYOD decor allowed,100,One of 6 Best New Restaurants in LA in 2021; global cuisine - Mediterranean Southeast Asian and Latin American; fireplace; heated outdoor dining; craft cocktails; nominated Best New Bar; elevated and approachable; event-friendly
2,Depot Restaurant,Torrance,New American / Seafood,1250 Cabrillo Ave Torrance CA 90501,(310) 787-7501,info@depotrestaurant.com,https://www.depotrestaurant.com/,https://www.yelp.com/biz/depot-restaurant-torrance,Kimono Room 120 seated / 100 with dancing / 150 cocktail (40-person min); Wine Room 20-30; no room fee; complimentary valet parking,150,Beloved Torrance institution in converted trolley depot; Chef/Owner Michael Shafer; New American seafood; cooking classes; holiday parties and charitable events year-round; private bar in Kimono Room; built-in dance floor
2,Sushi Inaba,Torrance,Japanese / Omakase,20918 Hawthorne Blvd Torrance CA 90503,(310) 686-1878,,https://www.sushiinabamanhattanbeach.com/,https://www.yelp.com/biz/inaba-restaurant-torrance,Counter seating only; one seating per night; reservations via Tock exclusively,12,MICHELIN One Star 2025; Chef Yasuhiro Hirano; hidden within sister restaurant I-naba via secret entrance; counter omakase only; aged exotic fish preparations; extremely limited seating; one of LA's most exciting sushi experiences
2,Primo Italia,Torrance,Italian,24590 Hawthorne Blvd Torrance CA 90505,(310) 378-4288,events@eatprimo.com,https://www.eatprimo.com/,https://www.yelp.com/biz/primo-italia-torrance,Rocco's Room: 35 seated with dry bar; conference-ready with large TV for board meetings and VIP events; Proprietor's Table 12; intimate Tuscan cottage room for 12 and under,35,Authentic Italian; wood-fired oven; house-made pastas and pizzas; premium meats and sustainable seafood; live piano/singer Thu-Sat; pharmaceutical dinners and wine tastings; 4.7 stars OpenTable; Torrance dining landmark
2,mar'sel at Terranea Resort,Rancho Palos Verdes,Fine Dining / New American / California,100 Terranea Way Rancho Palos Verdes CA 90275,(833) 282-2974,TerraneaDS@terranea.com,https://www.terranea.com/dining/marsel/,https://www.yelp.com/biz/marsel-rancho-palos-verdes,Private dining within resort's 135000 sq ft event space; dedicated events team; resort capacity up to 1500 guests,80,Forbes Four-Star award; 2025 Michelin Guide listed; Chef Fabio Ugoletti (Parma Italy); seasonal tasting menu; panoramic Pacific views; herbs and citrus from resort gardens; Wine Spectator recognized; Sunday brunch with live music; South Bay's top fine dining destination
2,Nelson's at Terranea Resort,Rancho Palos Verdes,Casual / Seafood / American,100 Terranea Way Rancho Palos Verdes CA 90275,(310) 265-2702,TerraneaDS@terranea.com,https://www.terranea.com/dining/nelsons,https://www.yelp.com/biz/nelsons-rancho-palos-verdes,Outdoor fire pits and oceanfront setting; private cabanas $500 for 8 guests; resort-wide events space 1500+,200,Perched above Sea Hunt (1950s TV) ocean coves; Summer Sound Series live music 27+ nights annually; Crabby Sundays seafood boil; casual coastal dining; outdoor fire pits; Ahi Tuna Burger Thai Green Curry; Best Ocean View Restaurant Daily Breeze
2,Catalina Kitchen at Terranea Resort,Rancho Palos Verdes,New American / Coastal,100 Terranea Way Rancho Palos Verdes CA 90275,(310) 265-2836,TerraneaDS@terranea.com,https://www.terranea.com/dining/catalina-kitchen,https://www.yelp.com/biz/catalina-kitchen-rancho-palos-verdes,Private room available; full resort event infrastructure; open breakfast through dinner including Friday seafood buffets,150,Main all-day dining at Terranea; views of Catalina Island and Pacific; seasonal locally sourced menu; Sunday brunch; consistently popular with resort and local guests; 974+ Yelp reviews
2,bashi at Terranea Resort,Rancho Palos Verdes,Contemporary Asian,100 Terranea Way Rancho Palos Verdes CA 90275,(844) 242-0967,TerraneaDS@terranea.com,https://www.terranea.com/dining/,https://www.yelp.com/biz/terranea-resort-rancho-palos-verdes,Private dining via resort events team; part of 135000 sq ft resort event infrastructure,60,Wok-style dishes inspired by Chinese Japanese and Southeast Asian traditions; handmade rolls; crispy sea bass and shaking beef standouts; dinner only; panoramic ocean views; unique offering in the PV area
2,Cafe Pacific at Trump National Golf Club,Rancho Palos Verdes,Contemporary American,1 Ocean Trails Dr Rancho Palos Verdes CA 90275,(310) 265-5000,contact@trumpnational.com,https://www.trumpnationallosangeles.com/dining,https://www.yelp.com/biz/trump-national-golf-club-restaurant-rancho-palos-verdes,45000 sq ft clubhouse; grand ballroom; secluded conference rooms; up to 300 seated; Golfer's Lounge also on-site,300,Spectacular Pacific Ocean views from oceanfront golf course; 4.9 stars OpenTable with 1300+ reviews; Casual Elegant Contemporary American; prestigious PV Peninsula setting; ideal for corporate events and VIP client dinners; Golfer's Lounge for casual gatherings
2,Think Prime Steak House,Rancho Palos Verdes,Steakhouse / American,29601 S Western Ave Rancho Palos Verdes CA 90275,(310) 221-0415,,https://thinkprime-steakhouse.com/,https://www.yelp.com/biz/think-prime-steak-house-rancho-palos-verdes,Group reservations and patio for private events; contact directly,80,USDA Prime Midwest corn-fed beef aged 28 days; piano bar and live entertainment nightly; karaoke and dancing Fridays; cigar-friendly outdoor patio; intimate low-light dining with warm atmosphere
2,22nd Street Landing Seafood Grill & Bar,San Pedro,Seafood / Waterfront,141 W 22nd St Suite A San Pedro CA 90731,(310) 548-4400,,http://22ndstlandingrestaurant.com/,https://www.yelp.com/biz/22nd-st-landing-seafood-grill-and-bar-san-pedro-2,350-seat facility; large main dining room; two banquet rooms; two outdoor balconies; open kitchen,350,30+ years in business; award-winning waterfront restaurant at Cabrillo Marina; panoramic marina views; fresh California snapper swordfish sea bass; famous lobster bisque and clam chowder; reservations strongly recommended; Tue-Sun
2,J. Trani's Ristorante,San Pedro,Italian,584 W 9th St San Pedro CA 90731,(310) 832-1220,,https://www.jtrani.com/,https://www.yelp.com/biz/j-tranis-ristorante-san-pedro-2,Banquet room up to 100; semi-private section in main dining room up to 20; offsite catering; preferred USS Iowa catering vendor,100,San Pedro institution since 1925; fourth-generation family Italian restaurant; 100 years of history; preferred catering vendor for historic USS Iowa battleship museum; 4.8 stars OpenTable with 898+ reviews; Wed-Sun dinner
2,The Rockefeller (Redondo Beach),Redondo Beach,Gastropub / American,1713 S Catalina Ave Redondo Beach CA 90277,(310) 540-1571,taylor@eatrockefeller.com,https://www.eatrockefeller.com/,https://www.yelp.com/biz/the-rockefeller-redondo-beach,Private event room; holiday parties corporate events; contact events team,100,Redondo Beach location of South Bay's Original Gastropub; Riviera Village neighborhood; craft beer and wine; fresh local ingredients; bottomless mimosa brunch; reliable South Bay standy for groups
2,The Rockefeller (Manhattan Beach),Manhattan Beach,Gastropub / American,1012 Manhattan Ave Manhattan Beach CA 90266,(310) 318-5600,kristen@eatrockefeller.com,https://www.eatrockefeller.com/,https://www.yelp.com/biz/the-rockefeller-manhattan-beach,Private event room and patio available; contact events team,100,Manhattan Beach outpost of South Bay's Original Gastropub; craft cocktails and local ingredients; great for corporate lunches team outings and group events
2,Huddy's at the Beach,Hermosa Beach,Elevated Comfort Food / American,844 Hermosa Ave Hermosa Beach CA 90254,(424) 724-7769,,https://www.huddyshermosa.com/,https://www.yelp.com/biz/huddys-at-the-beach-hermosa-beach,Group dining and corporate events on patio or in bar area; contact directly,80,Stylish coastal bar and restaurant; elevated American comfort food with coastal twist; fresh seafood and oysters; craft cocktails; curated wine list; rotating tap beers; upscale yet relaxed beach vibe; brunch on weekends
3,Melisse,Santa Monica (Wilshire Blvd),French / New American (Fine Dining),,(310) 395-0881,https://www.citrinandmelisse.com/large-party-inquiries (form),https://www.citrinandmelisse.com,https://www.yelp.com/biz/m%C3%A9lisse-santa-monica-3,Intimate 14-seat tasting menu restaurant. Large party inquiry form available.,14 seats,Two Michelin stars. Chef Josiah Citrin. $399 tasting menu. Wed-Sat only.
3,Citrin,Santa Monica (Wilshire Blvd),Californian Fine Dining,,(310) 395-0881,info@citrinandmelisse.com,https://www.citrinandmelisse.com,https://www.yelp.com/biz/citrin-santa-monica,Private patio for 15-25 guests.,15-25 (private patio),Michelin 1-star. Modern Californian. Sister to Melisse.
3,Birdie G's,Santa Monica (Bergamot Station),American / Eastern European / California,,(310) 310-3616,info@birdiegsla.com,https://www.birdiegsla.com,https://www.yelp.com/biz/birdie-gs-santa-monica-2,Contact restaurant for private events.,,Chef Jeremy Fox. Rustic Canyon Family. Seasonal comfort food. Tue-Sat dinner only.
3,Rustic Canyon,Santa Monica (Wilshire Blvd),California Seasonal / Wine Bar,,(310) 393-7050,info@rusticcanyonrestaurant.com,https://rusticcanyonrestaurant.com,https://www.yelp.com/biz/rustic-canyon-santa-monica,Back patio for 8-70 guests. Family-style menu at $90/person for groups of 8+.,8-70 (patio),James Beard-nominated Chef Jeremy Fox. Hyper-seasonal daily-changing menu. Est. 2006.
3,Pasjoli,Santa Monica (Main Street),French Bistro,,(424) 330-0020,info@pasjoli.com,https://www.pasjoli.com,https://www.yelp.com/biz/pasjoli-santa-monica,"Outdoor back garden patio for up to 20 seated guests, family-style multi-course dinner.",20 seated / 20 standing,James Beard-winning Chef Dave Beran. Michelin recognized.
3,Tar & Roses,Santa Monica (Santa Monica Blvd),New American / Global Small Plates,,(310) 587-0700,events@tarandroses.com,https://www.tarandroses.com,https://www.yelp.com/biz/tar-and-roses-santa-monica,"Patio seats 30 for private dinners. Retractable roof, heaters. Email events@tarandroses.com.",30 (patio),Chef Andrew Kirschner. Wood-fired oven. Wine bar. Tue-Sat.
3,Michael's,Santa Monica (3rd Street),New American / California,,(310) 451-0843,events@michaelssantamonica.com,https://michaelssantamonica.com,https://www.yelp.com/biz/michaels-santa-monica-2,Two private rooms on 2nd floor (6-40 guests). Garden area. Total capacity up to 350 for large events.,6-350,"Iconic since 1979. Stunning art collection (Hockney, Johns). Garden patio."
3,Water Grill,Santa Monica (Ocean Ave),Seafood,,(310) 394-5669,events@watergrill.com,https://www.watergrill.com/sm,https://www.yelp.com/biz/water-grill-santa-monica-santa-monica,Private dining room (The FlyBridge). Contact restaurant for capacity details.,,Iconic seafood destination. Daily-changing menu. Across from Pacific Ocean.
3,The Lobster,Santa Monica (Ocean Ave / Pier),Seafood,,(310) 458-9294,events@thelobster.com,https://www.thelobster.com,https://www.yelp.com/biz/the-lobster-santa-monica,"Private terrace (53 seated), inside dining room (100 seated), full buyout (150 seated / 220 standing cocktail).",53-220,25+ years. Chef Govind Armstrong. 180-degree ocean/pier views.
3,Elephante,Santa Monica (2nd Street Rooftop),Coastal Italian,,(424) 320-2384,events@elephanterestaurants.com,https://www.elephanterestaurants.com,https://www.yelp.com/biz/%C3%A9lephante-santa-monica-2,Private/semi-private spaces for 8-44 guests. Full rooftop buyout for 150 seated.,8-150,Rooftop with ocean views. Wish You Were Here Group. Reservations essential.
3,Orla by Michael Mina,Santa Monica (Ocean Ave / Regent Hotel),Mediterranean / Middle Eastern,,(310) 899-4050,events@orlasantamonica.com,https://www.orlasantamonica.com,https://www.yelp.com/biz/orla-by-michael-mina-santa-monica-4,"Multiple private rooms: Odyssey Room, Titan Room (ocean views), Octopus Room (larger groups), Covered Patio, Full Buyout available.",Multiple rooms; contact for specifics,Inside Regent Santa Monica Beach Hotel. Chef Michael Mina. Greek-Egyptian inspired.
3,Fitoor,Santa Monica (Ocean Ave),Contemporary Indian,,(424) 699-1300,info@eatdrinkfitoor.com,https://www.eatdrinkfitoor.com,https://www.yelp.com/biz/fitoor-santa-monica,Contact restaurant for private events.,,From the team behind ROOH. Modern regional Indian. Valet $20.
3,Shunji,Santa Monica (Ocean Park Blvd),Japanese Omakase / Sushi,,(310) 826-4737,info@shunji-ns.com,http://www.shunji-ns.com,https://www.yelp.com/biz/shunji-santa-monica,Small intimate setting. Not suitable for large private events.,,Michelin star. Chef Shunji Nakao. $280 omakase. Reservations via Tock.
3,Chinois on Main,Santa Monica (Main Street),Asian Fusion / French-Chinese,,(310) 392-9025,chinois@wolfgangpuck.com,https://wolfgangpuck.com/restaurants/chinois-santa-monica/,https://www.yelp.com/biz/chinois-on-main-santa-monica,Contact restaurant for private dining.,,Wolfgang Puck. Est. 1983. Family-style service. Michelin Plate 2022.
3,Milo & Olive,Santa Monica (Wilshire Blvd),Bakery / Pizzeria / Italian,,(310) 453-6776,info@miloandolive.com,https://www.miloandolive.com,https://www.yelp.com/biz/milo-and-olive-santa-monica,Not typically available for private buyout. Small venue.,,"Rustic Canyon Family. Wood-fired pizza, pastries, pasta. Michelin Guide listed."
3,Huckleberry Bakery & Cafe,Santa Monica (Wilshire Blvd),Bakery / Breakfast & Brunch,,(310) 451-2311,info@huckleberrycafe.com,https://www.huckleberrycafe.com,https://www.yelp.com/biz/huckleberry-bakery-and-cafe-santa-monica,Not available for private events. Counter service only.,,Rustic Canyon Family. Farmers market-inspired. Open daily 7am-3pm.
3,Bay Cities Italian Deli,Santa Monica (Lincoln Blvd),Italian Deli / Bakery,,(310) 395-8279,,https://order.bcdeli.com,https://www.yelp.com/biz/bay-cities-italian-deli-santa-monica,Catering available for events. No dine-in private events.,,Est. 1925. Famous Godmother sandwich. Cash and debit only. 6000+ Yelp reviews.
3,Din Tai Fung,Santa Monica (Santa Monica Place),Taiwanese / Dim Sum / Dumplings,,(310) 737-2088,info@dtf.com,https://dtf.com/en-us/locations/santa-monica,https://www.yelp.com/biz/din-tai-fung-santa-monica-santa-monica-2,Large group accommodations; contact restaurant.,,3rd floor of Santa Monica Place. Ocean views. Famous xiao long bao.
3,Father's Office,Santa Monica (Montana Ave),Gastropub / Burgers,,(310) 736-2224,info@fathersoffice.com,https://fathersoffice.com,https://www.yelp.com/biz/fathers-office-santa-monica,Not available for private events. Small bar.,,Chef Sang Yoon. Famous Office Burger. No-ketchup policy. 36 craft beers on tap. Est. 1953/1999.
3,R+D Kitchen,Santa Monica (Montana Ave),American,,(310) 395-3314,guestservices@Hillstone.com,https://rd-kitchen.com/locations/santamonica/,https://www.yelp.com/biz/r-d-kitchen-santa-monica-3,Contact restaurant for private events.,,Hillstone Group. Elevated American cuisine. 1323 Montana Ave.
3,Forma Santa Monica,Santa Monica (Montana Ave),Italian,,(424) 231-2868,formasm@formarestaurant.com,https://formarestaurant.com,https://www.yelp.com/biz/forma-santa-monica-santa-monica,Contact restaurant.,,Contemporary Italian. 1610 Montana Ave. Named for 'Formaggio' (cheese).
3,Locanda Portofino,Santa Monica (Montana Ave),Italian,,(310) 394-2070,info@locandaportofino.com,http://locandaportofino.com,https://www.yelp.com/biz/locanda-portofino-santa-monica-2,Contact restaurant.,,Northern & Southern Italian. Est. 1995. 1110 Montana Ave.
3,Rosti Tuscan Kitchen,Santa Monica (Montana Ave),Italian / Tuscan,,(310) 393-3236,info@rostituscankitchen.com,https://www.rostituscankitchen.com/santa-monica/,https://www.yelp.com/biz/rosti-tuscan-kitchen-santa-monica-santa-monica,,,"Wood-fired pizza, pasta. 931 Montana Ave. Casual neighborhood Italian."
3,The Courtyard Kitchen,Santa Monica (Montana Ave),Mediterranean / Neapolitan Pizza,,(310) 587-2333,reservetck@gmail.com,https://www.courtyardkitchenla.com,https://www.yelp.com/biz/the-courtyard-kitchen-santa-monica,Contact for events. Historic landmark building.,,"Family-owned since 2013. Full bar. Neapolitan pizza, brunch."
3,Blue Plate,Santa Monica (Montana Ave),Healthy Comfort / American,,(310) 260-8877,info@blueplatesantamonica.com,https://www.blueplatesantamonica.com,https://www.yelp.com/biz/blue-plate-santa-monica,,,1415 Montana Ave. Family-friendly beachy-chic cafe.
3,Edgemar Restaurant + Lounge,Santa Monica (Main Street),New American,,(424) 252-6844,info@edgemar.la,https://edgemar.la,https://www.yelp.com/biz/edgemar-santa-monica-7,Contact restaurant for private events.,,Frank Gehry-designed building. Global & local influences.
3,Crudo e Nudo,Santa Monica (Main Street),Raw Seafood Bar / Italian-Inspired,,(310) 310-2120,ciao@crudoenudo.com,https://www.crudoenudo.com,https://www.yelp.com/biz/crudo-e-nudo-santa-monica,,,Sustainable seafood. Pandemic pop-up turned permanent. Chef Brian Bornemann.
3,Manchego,Santa Monica (Main Street),Spanish Tapas,,(310) 450-3900,info@manchegosm.com,https://www.manchegosm.com,https://www.yelp.com/biz/manchego-santa-monica-2,,,Cozy neighborhood tapas bar. Great for group sharing.
3,Lula,Santa Monica (Main Street),Mexican (All Regions),,(310) 392-5711,info@lulacocinamexicana.com,https://www.lulacocinamexicana.com,https://www.yelp.com/biz/lula-cocina-mexicana-santa-monica-2,,,Chef Lula Bertran. Santa Monica institution for 32+ years.
3,Cobi's,Santa Monica (Main Street),South Asian,,(424) 238-5195,hello@cobis.la,https://www.cobis.la,https://www.yelp.com/biz/cobis-santa-monica,,,2104 Main St. South Asian dishes.
3,The Galley,Santa Monica (Main Street),Seafood / American,,(310) 452-1934,galley.marketing@gmail.com,https://www.thegalleyrestaurant.net,https://www.yelp.com/biz/the-galley-santa-monica,,,Santa Monica's oldest restaurant. Est. 1934. Nautical theme.
3,Ashland Hill,Santa Monica (Main Street),American / Beer Garden,,(310) 392-3300,info@ashlandhill.com,https://ashlandhill.com,https://www.yelp.com/biz/ashland-hill-santa-monica-3,Heated back patio available for events.,,"Craft beer, seasonal dishes, cocktails. Ocean Park neighborhood."
3,Papille Gustative,Santa Monica (Main Street),Farm-to-Table French,,(424) 322-8040,contact@papillegustativela.com,https://papillegustativela.com,https://www.yelp.com/biz/papille-gustative-santa-monica,,,"Organic, locally sourced. Breakfast, lunch, dinner."
3,The Anchor,Santa Monica / Venice Border (Main Street),Seafood,,(310) 664-9696,,https://theanchorvenice.com,https://www.yelp.com/biz/the-anchor-venice,Outdoor seating area.,,"Casual, laid-back. Oysters, mussels, cheese plates."
3,Samosa House,Santa Monica (Main Street),Vegetarian / Vegan Indian,,(310) 314-0821,contactus@samosahouse.com,https://www.samosahouse.com,https://www.yelp.com/biz/samosa-house-santa-monica-santa-monica,,,Family-owned. Casual vegetarian Indian cuisine.
3,1212 Santa Monica,Santa Monica (3rd Street Promenade),New American,,(310) 576-9996,1212santamonica@globaldiningca.com,https://www.1212santamonica.com,https://www.yelp.com/biz/1212-santa-monica-santa-monica-5,"Private Dining Room (2nd floor): 30-100 seated. Full buyout up to 300. Private bar, A/V, games.",30-300,All Night Happy Hour from 5pm daily. Bottomless Brunch Fri-Sun.
3,The Misfit Restaurant + Bar,Santa Monica (3rd Street Promenade),American,,(310) 656-9800,misfitgroup@lgohospitality.com,https://www.themisfitbar.com,https://www.yelp.com/biz/the-misfit-restaurant-bar-santa-monica,Contact restaurant for events.,,Popular gastropub on the Promenade.
3,KazuNori,Santa Monica (3rd Street Promenade),Japanese Hand Rolls,,,info@kazunorisushi.com,https://www.handrollbar.com/locations/santa-monica/,https://www.yelp.com/biz/kazunori-santa-monica-2,Not suitable for private events.,,From the Sugarfish people. Hand-roll only concept.
3,SUGARFISH,Santa Monica (2nd Street),Sushi,,(310) 393-3338,info@sugarfishsushi.com,https://sugarfishsushi.com,https://www.yelp.com/biz/sugarfish-santa-monica-santa-monica,Not typically available for private buyout.,,Chef Nozawa's Trust Me omakase. 1345 2nd St.
3,Calabra,Santa Monica (Proper Hotel Rooftop),Mediterranean / California,,(424) 390-0737,events@properhotel.com,https://www.properhotel.com/santa-monica/restaurants-bars/calabra/,https://www.yelp.com/biz/calabra-santa-monica,Poolside alcoves for up to 12. Private events via hotel sales dept. Tables max 6 guests.,Up to 12 (alcoves),Rooftop of Santa Monica Proper Hotel. Seed oil-free. 700 Wilshire Blvd.
3,Colapasta,Santa Monica (5th Street),Italian / Pasta,,(310) 310-8336,,https://www.colapasta.com,https://www.yelp.com/biz/colapasta-restaurant-santa-monica-2,,,"Tremendous pasta, big portions. Everything under $20. Neighborhood spot."
3,Cha Cha Chicken,Santa Monica (near Promenade),Caribbean / Jerk,,(310) 581-1684,webmaster@chachachicken.com,https://www.chachachicken.com,https://www.yelp.com/biz/cha-cha-chicken-santa-monica,,,Order-at-window. Lenient BYOB policy. Patio. Classic casual.
3,Casa Martin,Santa Monica (3rd Street Promenade),Mexican,,(424) 268-4756,,https://www.casamartinsm.com,https://www.yelp.com/biz/casa-martin-authentic-mexican-santa-monica-2,,,Family-operated. Traditional Mexican from Tepatitlan Jalisco. 1251 3rd St.
3,The Gallery Food Hall,Santa Monica (3rd Street Promenade),Multi-Vendor Food Hall,,(310) 584-1416,eat@galleryfoodhall.com,,https://www.yelp.com/biz/the-gallery-food-hall-santa-monica,Contact for buyouts.,,1315 3rd Street Promenade. Multiple restaurant vendors under one roof.
3,Meat On Ocean,Santa Monica (Ocean Ave),Steakhouse,,(310) 773-3366,events@meatonocean.com,https://www.meatonocean.com,https://www.yelp.com/biz/meat-on-ocean-santa-monica-3,Private dining rooms: 12-300 guests. The Zephyr Room for mid-size events. Customizable.,12-300,Modern steakhouse. Dry-aging room. Corner of Ocean & Broadway.
3,Mon Ami,Santa Monica (Ocean Ave),Mediterranean,,(424) 645-5550,info@monamism.com,https://www.monamism.com,https://www.yelp.com/biz/mon-ami-santa-monica,Contact restaurant.,,"1541 Ocean Ave. Indoor/outdoor. Spanish, Greek, Italian, Moroccan influences."
3,Marelle,Santa Monica (Ocean Ave / Sandbourne Hotel),Californian,,(310) 395-9700,reservations@marelle.com,https://www.marelle.com,https://www.yelp.com/biz/sandbourne-santa-monica-autograph-collection-santa-monica-3,"Hotel event spaces (10,000 sq ft total at Sandbourne). Contact hotel.",,Chef Raphael Lunetta. At Sandbourne Hotel. 1740 Ocean Ave.
3,BOA Steakhouse,Santa Monica (Ocean Ave),Steakhouse,,(310) 899-4466,events@boasteak.com,https://www.boasteak.com/santa-monica-location/,https://www.yelp.com/biz/boa-steakhouse-santa-monica,Contact for private dining.,,"Wagyu, prime rib, filets. Premium Ocean Ave location."
3,Fogo de Chao,Santa Monica (Ocean Ave),Brazilian Steakhouse,,(310) 596-6440,events@fogodechao.com,https://fogodechao.com/location/santa-monica/,https://www.yelp.com/biz/fogo-de-ch%C3%A3o-brazilian-steakhouse-santa-monica-2,Group dining options available.,,Churrascaria-style. Continuous tableside service.
3,Sushi Roku,Santa Monica (Ocean Ave),Japanese / Sushi,,(310) 458-4771,,https://www.sushiroku.com/santa-monica/,https://www.yelp.com/biz/sushi-roku-santa-monica,Contact for private events.,,Near Ocean Ave and Pier.
3,Ivy at the Shore,Santa Monica (Ocean Ave),American,,(310) 393-3113,info@theivyrestaurants.com,https://theivyrestaurants.com/ivy-at-the-shore/,https://www.yelp.com/biz/ivy-at-the-shore-santa-monica,,,Sister to The Ivy. Charming Ocean Ave setting.
3,Blue Plate Oysterette,Santa Monica (Ocean Ave),Seafood / Oyster Bar,,(310) 576-3474,info@blueplatesantamonica.com,https://www.blueplateoysterette.com,https://www.yelp.com/biz/blue-plate-oysterette-santa-monica-4,,,East Coast-style shellfish. Sunset views. Est. 2009.
3,The Penthouse,Santa Monica (Hotel),Mediterranean / California,,(310) 393-8080,events@thepenthouserestaurant.com,https://www.penthouserestaurant.com,https://www.yelp.com/biz/the-penthouse-santa-monica,Private events on 18th-floor rooftop. Contact hotel.,,18th-floor panoramic ocean views. Fine dining.
3,Lunetta,Santa Monica (Pico Blvd),New American,,(310) 581-4201,info@lunettasm.com,https://www.lunettasm.com,https://www.yelp.com/biz/lunetta-all-day-santa-monica,The Cove: semi-outdoor space for up to 75 seated guests.,75 (The Cove),"2420 Pico Blvd. Lunch, brunch, dinner."
3,1 Pico,Santa Monica (Pico Blvd / Shutters Hotel),Coastal California / Southern Italian,,(310) 587-1717,reservations@shuttersonthebeach.com,https://www.shuttersonthebeach.com/dining/1-pico/,https://www.yelp.com/biz/1-pico-santa-monica,Hotel private dining available via Shutters.,,Beachfront at Shutters on the Beach. Upscale.
3,The Brixton,Santa Monica (Pico Blvd),British / Pub,,(310) 449-4567,events@thebrixtonsm.com,https://www.thebrixtonsm.com,https://www.yelp.com/biz/the-brixton-santa-monica,,,Popular gastropub on Pico.
3,Upper West,Santa Monica (Pico Blvd),American,,(310) 586-1111,info@theupperwest.com,https://theupperwest.com,https://www.yelp.com/biz/upper-west-santa-monica,,,3321 Pico Blvd. Neighborhood restaurant.
3,Rae's Diner,Santa Monica (Pico Blvd),American Diner,,(424) 272-9016,,https://www.raesdinersm.com,https://www.yelp.com/biz/raes-restaurant-santa-monica,,,2901 Pico Blvd. Classic retro diner.
3,Wilshire Restaurant,Santa Monica (Wilshire Blvd),California Fusion Fine Dining,,(310) 586-1707,,,https://www.yelp.com/biz/wilshire-restaurant-santa-monica,Contact for private events.,,"Chef Andrew Kirschner. 2454 Wilshire Blvd. Organic, local."
3,Chelsea,Santa Monica (Wilshire Blvd),New American / Global,,(424) 238-5102,info@chelseasm.com,https://www.chelseasm.com,https://www.yelp.com/biz/chelsea-santa-monica,Contact restaurant.,,Inspired by West London. Corner of Wilshire & 25th.
3,Fia Restaurant,Santa Monica (Montana area),Italian / California,,(424) 280-4196,info@fiahospitality.com,https://www.fiarestaurant.com,https://www.yelp.com/biz/fia-restaurant-santa-monica-2,,,Elevated Italian with California health-conscious approach.
3,Holy Basil,Santa Monica,Thai / Seafood,,,,https://holybasil-la.com,https://www.yelp.com/biz/holy-basil-santa-monica,,,Wild seafood-leaning Thai. Fried calamari in salted egg yolk.
3,Shirube,Santa Monica,Japanese Izakaya,,(310) 393-2533,kodai@shirubeusa.com,https://shirubeusa.com,https://www.yelp.com/biz/shirub%C4%93-santa-monica,,,"Incredible dinner under $100/person. Bar seating. Fried corn ribs, duck breast."
3,Seline,Santa Monica,Seasonal / Avant-Garde,,(424) 744-8811,info@selinerestaurant.com,https://www.selinerestaurant.com,https://www.yelp.com/biz/seline-santa-monica,,,Cerebral seasonal ingredients. Geoduck liver crackers. Creative fine dining.
3,Stella Maris,Santa Monica (Sandbourne Hotel),California Seafood,,,,,,Contact hotel for private events.,,"Chef Raphael Lunetta. Hamachi crudo, sea bass. Onsite beehive."
3,San Vicente Santa Monica,Santa Monica (Ocean Ave),American / Sushi,,,info@sanvicenteclubs.com,https://www.sanvicentesantamonica.com,,"Members club. Private event spaces: indoor restaurant, bar, lounge, rooftop.",,"$40M members' club atop Water Grill building. Sushi, lobster rolls, caviar."
3,LouLou,Santa Monica (near beach),French / Californian,,(323) 410-2337,info@loulousantamonica.com,https://www.loulousantamonica.com,https://www.yelp.com/biz/loulou-santa-monica-santa-monica,"Open-air deck, private dining room, or full restaurant buyout.",,Ocean views. French & Californian cuisine.
3,Tiato,Santa Monica,Vietnamese / Asian,,(310) 866-5228,events@tiato.com,https://www.tiato.com,https://www.yelp.com/biz/tiato-kitchen-garden-santa-monica,Huge outdoor/indoor garden. 120 seated / 250 standing. One of largest private spaces in SM.,120 seated / 250 standing,Great for large events. Flexible space.
3,Hermanito,Santa Monica,Mexican / Latin,,(310) 862-2300,info@hermanitola.com,https://www.hermanitola.com,https://www.yelp.com/biz/hermanito-santa-monica-5,,,New / hot restaurant. On Pico Blvd area.
3,Brightside California Kitchen,Santa Monica,Californian,,(424) 344-9200,,https://brightsidecaliforniakitchen.com,https://www.yelp.com/biz/brightside-california-kitchen-santa-monica-2,,,New restaurant opening.
3,Fritto Misto,Santa Monica,Italian,,(310) 458-2829,fmisto@gmail.com,https://thefrittomisto.com,https://www.yelp.com/biz/fritto-misto-santa-monica-2,,,Popular casual Italian. Well-rated on Yelp.
3,Sweet Maple,Santa Monica,Breakfast / Brunch,,(424) 268-4190,,https://www.sweetmaplesf.com/menu-santa-monica,https://www.yelp.com/biz/sweet-maple-santa-monica-2,,,Popular breakfast spot near Ocean Ave.
3,Urth Caffe,Santa Monica,Cafe / Organic,,(310) 314-7040,catering@urthcaffe.com,https://www.urthcaffe.com,https://www.yelp.com/biz/urth-caff%C3%A9-santa-monica-6,,,"Organic coffee, healthy fare."
3,La Monique,Santa Monica,French,,(310) 656-6000,reservations@lamoniquerestaurant.com,https://www.hoteloceanasantamonica.com/la-monique/,https://www.yelp.com/biz/la-monique-santa-monica,,,Well-rated on Yelp 2026.
3,Diner Antonette,Santa Monica,American Diner,,(310) 395-4646,hello@dinerantonette.com,https://www.dinerantonette.com,https://www.yelp.com/biz/diner-antonette-santa-monica-4,,,New/trending. Well-rated on Yelp.
3,Felix Trattoria,Venice (Abbot Kinney),Italian / Handmade Pasta,,(424) 387-8622,info@felixla.com,https://felixla.com,https://www.yelp.com/biz/felix-trattoria-los-angeles-2,Private dining available. Contact (424) 387-8622 or info@felixla.com.,,Chef Evan Funke. James Beard-nominated. Glass-enclosed pasta lab. Best pasta on West Coast.
3,Gjelina,Venice (Abbot Kinney),California / New American,,(310) 450-1429,events@gjelina.com,https://gjelina.com,https://www.yelp.com/biz/gjelina-venice-2,Upstairs space: 25 seated / 40 cocktail. Full buyout: 250 standing. Contact events@gjelinagroup.com.,25-250,"Est. 2008. 20% mandatory service charge. 5,630+ Yelp reviews."
3,Gjusta,Venice (Sunset Ave),Bakery / Deli / Cafe,,(310) 314-0320,catering@gjusta.com,https://www.gjusta.com,https://www.yelp.com/biz/gjusta-venice,Catering and private event space available. See gjusta.com/events-catering.,,Sister to Gjelina. All made in-house. Open 7am-4pm daily.
3,Ospi Venice,Venice (Pacific Ave),Italian / Californian,,(424) 443-5007,info@ospi.com,https://ospi.com/venice,https://www.yelp.com/biz/ospi-venice-venice-2,Upstairs private dining above bar. Parties 7-12: family-style set menu. 12+: full buyout up to 54 seated.,Up to 54 (buyout),"Also has Brentwood location. House-made pasta, pizza romana."
3,Barrique,Venice (Main Street),Italian / Wine Bar,,(310) 399-9010,info@barriquevenice.com,https://www.barriquevenice.com,https://www.yelp.com/biz/barrique-venice,Accepts private events. Contact restaurant.,,Chef Antonio Mure. Sicilian-Parma influences. Romantic yellow cottage. 796 Main St.
3,Night + Market Sahm,Venice (Lincoln Blvd),Thai,,(310) 301-0333,info@nightmarketla.com,http://www.nightmarketla.com,https://www.yelp.com/biz/night-market-sahm-venice-2,Contact restaurant for groups.,,One of best Thai restaurants in LA. 2533 Lincoln Blvd.
3,The Butcher's Daughter,Venice (Abbot Kinney),Vegetarian / Juice Bar,,(310) 981-3004,venice@thebutchersdaughter.com,https://thebutchersdaughter.com/location-all/venice,https://www.yelp.com/biz/the-butchers-daughter-venice-2,,,NYC transplant. All-day vegetarian. Sun-lit space.
3,Great White,Venice (Windward Ave),Australian / All-Day Cafe,,(424) 252-9099,venice@greatwhite.cafe,https://www.greatwhite.cafe,https://www.yelp.com/biz/great-white-los-angeles,,,"Across from Venice sign. Flat whites, fish tacos, avocado toast. Also in Brentwood."
3,RVR,Venice (Abbot Kinney area),California-Japanese Izakaya,,(310) 573-8077,info@rvrvenice.com,,https://www.yelp.com/biz/rvr-venice-venice,,,"Chef Travis Lett's return. Ramen, hand rolls, kushiyaki."
3,Owa,Venice (Abbot Kinney area),Modern Japanese / Edo-style Sushi,,(424) 252-9015,info@owavenice.com,https://owavenice.com,https://www.yelp.com/biz/%C5%8Dwa-los-angeles-2,,,"Chef Yoshi Matsumoto. Japanese gins, whiskeys, sake."
3,Greenleaf,Venice (Abbot Kinney),Health-Conscious / California,,(310) 399-9400,venice@greenleafchopshop.com,https://www.greenleafchopshop.com/locations/venice,https://www.yelp.com/biz/greenleaf-kitchen-and-cocktails-venice,Spacious patio and bar.,,"Build-your-own salads, bowls. No added sugar cocktails."
3,Abbot's Pizza Company,Venice (Abbot Kinney),Pizza,,(310) 396-7334,info@abbotspizzaco.com,https://www.abbotspizzaco.com,https://www.yelp.com/biz/abbots-pizza-company-venice,,,"25+ years. Neon-lit slice shop. Quick, casual."
3,Alisa Wine & Friends,Venice (Abbot Kinney),Greek-Inspired / Wine Bar,,(310) 486-8722,hello@alisarest.com,https://alisarest.com,https://www.yelp.com/biz/alisa-wine-and-friends-venice-2,,,Hidden gem. Greek-inspired. Newer addition to Abbot Kinney.
3,The Tasting Kitchen,Venice (Abbot Kinney),New American / European,,(310) 392-6644,reservations@thetastingkitchen.com,https://www.thetastingkitchen.com,https://www.yelp.com/biz/the-tasting-kitchen-venice,Contact for private events.,,Well-regarded fine dining on Abbot Kinney.
3,Si! Mon,Venice,Panamanian,,(310) 302-0016,info@si-mon.la,https://www.si-mon.la,https://www.yelp.com/biz/si-mon-los-angeles,,,Upscale Panamanian. Outstanding and unique food.
3,Belles Beach House,Venice (Windward Ave),American / Beach,,(424) 363-6600,events@bellesbeachhouse.com,https://www.bellesbeachhouse.com,https://www.yelp.com/biz/belles-beach-house-venice,,,24 Windward Ave. Beach-casual dining.
3,The Rose Venice,Venice (Rose Ave),American / Farm-Fresh,,(310) 399-0711,info@therosevenice.la,https://www.therosevenice.la,https://www.yelp.com/biz/the-rose-venice-venice,Contact restaurant.,,"Farm-fresh food, pastries, California wines, cocktails."
3,Cafe Gratitude,Venice (Rose Ave),Vegan / Plant-Based,,(424) 231-8000,venice@cafegratitude.com,https://cafegratitude.com/pages/venice,https://www.yelp.com/biz/cafe-gratitude-venice,,,"512 Rose Ave. Organic, plant-based menu."
3,La Cabana Restaurant,Venice (Rose Ave),Mexican,,(310) 392-7973,Vicky@LaCabanaVenice.com,,https://www.yelp.com/biz/la-cabana-restaurant-venice-2,,,738 Rose Ave. Traditional Mexican.
3,Oscar's Cerveteca,Venice (Rose Ave),Mexican / Beer,,(310) 310-8937,,,https://www.yelp.com/biz/cerveteca-venice-2,,,Same owner as Venice Beach Wines. Beer and tacos.
3,Venice Beach Wines,Venice (Rose Ave),Wine Bar / Small Plates,,(310) 606-2529,info@venicebeachwines.com,https://venicebeachwines.com,https://www.yelp.com/biz/venice-beach-wines-venice,Deck seating for events.,,Started Rose Ave revitalization. Wine shop + glasses + small plates.
3,Companion,Venice (Lincoln Blvd),Natural Wine / Cal-Italian,,(310) 490-0673,friend@companion.la,https://www.companion.la,https://www.yelp.com/biz/companion-los-angeles,,,"Pastries, focaccia sandwiches, Cal-Italian dinner. Stylish all-day."
3,Camp Pho,Venice (Lincoln Blvd),Vietnamese (Pho),,(310) 392-8889,,,https://www.yelp.com/biz/camp-venice,,,72-hour simmered pho. Strip mall gem.
3,Charcoal Venice,Venice / Marina Del Rey (Washington Blvd),American / Steakhouse,,(310) 751-6794,events@charcoalvenice.com,https://www.charcoalvenice.com,https://www.yelp.com/biz/charcoal-venice-marina-del-rey,Contact for private events. Front patio available.,,Chef Josiah Citrin. Everything cooked over live fire. 425 Washington Blvd.
3,Hama Sushi,Venice (Windward Ave),Sushi / Japanese,,(310) 396-8783,info@hamasushi.com,https://www.hamasushi.com,https://www.yelp.com/biz/hama-sushi-venice,,,Venice's original sushi since 1979. 213 Windward Ave.
3,Danny's Venice,Venice (Windward Ave),California / Comfort,,(310) 566-5610,,,https://www.yelp.com/biz/dannys-venice-venice-2,,,23 Windward Ave. Open 11am-2am. Eclectic menu.
3,Figtree's Cafe,Venice (Boardwalk),American / Cafe,,(310) 392-4937,info@figtreevenice.com,https://www.figtreevenice.com,https://www.yelp.com/biz/fig-tree-venice-los-angeles,Boardwalk patio available.,,429 Oceanfront Walk. Happy hour breakfast 8-9am (50% off).
3,The Sidewalk Cafe,Venice (Boardwalk),American / Mexican / Italian,,(310) 399-5547,,https://www.thesidewalkcafe.com,https://www.yelp.com/biz/sidewalk-cafe-venice-3,Large outdoor patio on boardwalk.,,"1401 Oceanfront Walk. Full bar. Breakfast, lunch, dinner."
3,Venice Ale House,Venice (Boardwalk),American / Craft Beer,,(310) 314-8253,info@venicealehouse.com,https://www.venicealehouse.com,https://www.yelp.com/biz/venice-ale-house-venice,,,Organic American fare. Cold beer on draft. Local farms & breweries.
3,The Venice Whaler,Venice (Washington Blvd),American / Bar,,(310) 821-8737,info@venicewhaler.com,https://whalerbeachbar.com,https://www.yelp.com/biz/the-venice-whaler-venice-2,Event space. Live music.,,10 Washington Blvd. Dive bar. Cheap beers. Great happy hour.
3,Hinano Cafe,Venice (Washington Blvd),Burgers / Dive Bar,,(310) 822-3902,info@hinanocafevenice.com,https://www.hinanocafevenice.com,https://www.yelp.com/biz/hinano-caf%C3%A9-venice-2,,,15 Washington Blvd. Since the 1960s. Traditional burgers. Super casual.
3,Dudley Market,Venice (near Boardwalk),Wine Bar / Seafood,,(310) 392-0825,hello@dudleymarketvenice.com,https://www.dudleymarketvenice.com,https://www.yelp.com/biz/dudley-market-venice-3,,,"Natural wine, oysters, crudos, burgers. Stylish locals' gem."
3,C&O Cucina,Venice / Marina Del Rey (Washington Blvd),Northern Italian,,(310) 301-7278,info@candorestaurants.com,https://www.candorestaurants.com,https://www.yelp.com/biz/c-and-o-cucina-marina-del-rey,Private dining for events. Family-style service.,,"3016 Washington Blvd. Gargantuan portions, low prices. Catering/banquets."
3,High Rooftop Lounge,Venice (Pacific Ave / Hotel Erwin),Bar / Lounge,,(310) 452-1111,events@hotelerwin.com,https://www.hotelerwin.com/food-drink/high-rooftop-lounge/,https://www.yelp.com/biz/high-rooftop-lounge-venice,Rooftop available for private events.,,1697 Pacific Ave. Atop Hotel Erwin. Premiere open-air rooftop.
3,Casablanca Restaurant,Venice,American / Mexican,,(310) 392-5751,CasablancaRestaurant@gmail.com,https://www.casablancarestaurant.net,https://www.yelp.com/biz/casablanca-restaurant-venice,,,"Venice institution. 40+ year unchanged menu. Calamari steak, burritos."
3,Coucou,Venice,French Bistro / Wine Bar,,(310) 314-1314,hello@coucou.la,https://www.coucou.la,https://www.yelp.com/biz/coucou-venice-2,,,French bistro with American twists.
3,Market Restaurant,Venice (Market Street),Italian,,,info@marketvenice.com,,https://www.yelp.com/biz/market-los-angeles-los-angeles,,,72 Market St. 334 Yelp reviews.
3,Baltaire,Brentwood (San Vicente Blvd),Steakhouse / Seafood,,(424) 273-1660,events@baltaire.com,https://www.baltaire.com,https://www.yelp.com/biz/baltaire-restaurant-los-angeles-2,PDR for 48 (divisible to 30/18). Full buyout: 289. Terrace with fireplace & retractable roof.,48 PDR / 289 buyout,Modern steakhouse. 11647 San Vicente Blvd. Live music Thu/Fri.
3,Farmshop,Brentwood (Country Mart),New American / Market,,(310) 566-2400,catering@farmshopsm.com,https://farmshopca.com,https://www.yelp.com/biz/farmshop-santa-monica-4,Up to 70 seated / 120 standing on-site. Full offsite events also. Call ext 4 or email catering@farmshopsm.com.,70 seated / 120 standing,"Chef Jeff Cerciello. At Brentwood Country Mart. All-day. Part restaurant, part gourmet market."
3,Toscana,Brentwood (San Vicente Blvd),Italian / Tuscan,,(310) 820-2448,toscana@toscanabrentwood.com / events@toscanabrentwood.com,https://www.toscanabrentwood.com,https://www.yelp.com/biz/toscana-brentwood-los-angeles-2,Catering & private parties available. Email events@toscanabrentwood.com.,,Est. 1989. Legendary Tuscan. Wine Spectator Award. 11633 San Vicente.
3,Jon & Vinny's,Brentwood (San Vicente Blvd),Italian American,,(310) 442-2733,info@jonandvinnys.com,https://www.jonandvinnys.com,https://www.yelp.com/biz/jon-and-vinnys-brentwood-los-angeles,Contact restaurant for group dining.,,California Italian. Open breakfast through dinner. 11938 San Vicente.
3,Pizzana,Brentwood (San Vicente Blvd),Neapolitan Pizza,,(310) 481-7108,info@pizzana.com,https://pizzana.com,https://www.yelp.com/biz/pizzana-los-angeles-6,Listed on The Vendry for event space. Contact directly.,,Slow-dough Neapolitan tradition. San Marzano tomatoes. 11712 San Vicente.
3,Divino,Brentwood (Barrington Ct),Northern Italian,,(310) 472-0886,info@divinobrentwood.com,https://divinobrentwood.com,https://www.yelp.com/biz/divino-los-angeles,Catering and event coordination. Contact restaurant.,,Est. 1996. Guest chefs from Italy. Wood-burning oven. 11714 Barrington Ct.
3,SUGARFISH,Brentwood (San Vicente Blvd),Sushi,,(310) 820-4477,info@sugarfishsushi.com,https://sugarfishsushi.com,https://www.yelp.com/biz/sugarfish-brentwood-los-angeles,Not typically available for private events.,,Trust Me omakase sushi. 11640 San Vicente.
3,Katsuya,Brentwood (San Vicente Blvd),Japanese / Sushi,,(310) 237-6174,info@katsuyarestaurant.com,https://www.katsuyarestaurant.com/brentwood,https://www.yelp.com/biz/katsuya-brentwood-brentwood,Contact for group dining and events.,,Philippe Starck-designed. 11777 San Vicente.
3,The Wilkes,Brentwood,Steakhouse,,(310) 474-3030,,https://www.thewilkesla.com,https://www.yelp.com/biz/the-wilkes-los-angeles-2,Contact restaurant.,,Throwback steakhouse. Big leather booths. Booked weeks in advance.
3,Osteria Vera,Brentwood (San Vicente Blvd),Italian,,(310) 571-3800,,https://www.eatatvera.com,https://www.yelp.com/biz/osteria-vera-los-angeles,,,"11604 San Vicente. Cozy upscale. Homemade pasta, pizza, grilled meats."
3,PLANTA,Brentwood (San Vicente Blvd),Plant-Based,,(925) 515-2984,events@plantarestaurants.com,https://www.plantarestaurants.com/location/planta-brentwood/,https://www.yelp.com/biz/planta-brentwood-los-angeles,"Main Dining Room Buyout (60), Bar/Lounge Buyout (40), Lounge Nook (15), Full Venue Buyout (100).",15-100,"11754 San Vicente. Elevated plant-based. Chic, breezy vibe."
3,Palmeri Ristorante,Brentwood (San Vicente Blvd),Italian,,(310) 442-8446,,https://www.palmeriristorantespa.com,https://www.yelp.com/biz/palmeri-ristorante-los-angeles,,,Great pastas and veal chops on San Vicente.
3,Peppone,Brentwood,Italian (Red Sauce),,(310) 476-7379,,https://www.peppone.com,https://www.yelp.com/biz/peppone-ristorante-brentwood,,,Not on San Vicente. More traditional red-sauce Italian.
3,Sor Tino,Brentwood,Italian,,(310) 442-8466,info@sortinorestaurant.com,https://www.sortinorestaurant.com,https://www.yelp.com/biz/sor-tino-restaurant-los-angeles,,,Romantic front patio. Good service.
3,Amici Brentwood,Brentwood,Italian,,(310) 260-4900,info@amicibrentwood.com,https://amicibrentwood.com,https://www.yelp.com/biz/amici-brentwood-santa-monica,,,Beautiful restaurant.
3,Sushi Sasabune,Brentwood,Japanese / Sushi / Omakase,,(310) 478-3596,,,https://www.yelp.com/biz/sushi-sasabune-los-angeles-2,,,"$100 omakase at sushi bar. Tuna sashimi, butterfish, uni."
3,Takao,Brentwood,Japanese / Sushi,,(310) 207-8636,,https://takaobrentwood.com,https://www.yelp.com/biz/takao-los-angeles,,,Casual sushi. Neighborhood favorite.
3,Teleferic Barcelona,Brentwood,Spanish Tapas / Paella,,(657) 366-4103,events@telefericbarcelona.com,https://www.telefericbarcelona.com/los-angeles,https://www.yelp.com/biz/teleferic-barcelona-los-angeles-17,Customizable event spaces with moving furniture. Glass doors combine room with patio.,,"Family-owned. Authentic Spanish tapas, paellas, cocktails."
3,Matu Kai,Brentwood,Steakhouse / Japanese,,(310) 810-2501,info@matusteak.com,https://www.matusteak.com/matu-kai/,https://www.yelp.com/biz/matu-kai-los-angeles-4,,,Sister to Beverly Hills Matu. Est. 2025 in Brentwood.
3,India's Oven,Brentwood,Indian,,(310) 207-5522,dine@indiasovenwilshire.com,https://indiasoven.com,https://www.yelp.com/biz/india-s-oven-los-angeles,,,Serviceable Indian food on the Westside.
3,Palace Seafood,Brentwood,Chinese / Dim Sum,,(310) 979-3377,,,https://www.yelp.com/biz/the-palace-seafood-and-dim-sum-los-angeles,,,Solid dim sum option on the Westside.
3,Coral Tree Cafe,Brentwood,Brunch / American,,(310) 979-8733,info@coraltreecafe.com,https://www.coraltreecafe.com,https://www.yelp.com/biz/coral-tree-cafe-los-angeles-4,Indoor and outdoor seats for groups up to 100.,Up to 100,Community feel. Founded by local residents.
3,Clark Street Bread,Brentwood,Bakery / Cafe,,(424) 248-0262,info@clarkstreetbread.com,https://www.clarkstreetbakery.com,https://www.yelp.com/biz/clark-street-los-angeles-3,,,Popular bakery. Best visited weekdays to avoid crowds.
3,Reddi Chick,Brentwood (Country Mart),BBQ / Rotisserie,,(310) 393-5238,,https://reddichickbbq.com,https://www.yelp.com/biz/reddi-chick-bbq-santa-monica,,,At Brentwood Country Mart since 1979. Home-style BBQ.
3,Holy Cow BBQ,Brentwood (26th St),BBQ,,(310) 883-6269,cowcares@holycowbbq.com,https://holycowbbq.com,https://www.yelp.com/biz/holy-cow-bbq-santa-monica-santa-monica,,,"264 26th St. Casual BBQ, sandwiches, salads."
3,Vicenti Ristorante,Brentwood (San Vicente Blvd),Italian Fine Dining,,(310) 207-0127,info@vincentiristorante.com,,https://www.yelp.com/biz/vincenti-ristorante-los-angeles-3,,,11930 San Vicente. High-end Italian. Wood-burning oven. Extensive wine list.
3,A Votre Sante,Brentwood (San Vicente Blvd),Healthy Mediterranean,,(310) 451-1813,avotresante@gmail.com,https://avotresantela.com,https://www.yelp.com/biz/a-votre-sant%C3%A9-los-angeles-4,,,Since 1987. Health-conscious. Neighborhood gathering place.
3,Kiitsu,Brentwood (San Vicente Blvd),Japanese (Washoku & Sushi),,(310) 451-7733,reservations@kiitsu-la.com,https://www.kiitsu-la.com,https://www.yelp.com/biz/kiitsu-los-angeles,,,Authentic Japanese near UCLA and Country Mart.
3,Casa de Campo,Brentwood,Cali-Mex / Taqueria,,(310) 208-2100,,https://www.casadecampola.com,https://www.yelp.com/biz/casa-de-campo-los-angeles-2,,,"Bright, airy taco shop. Speedy service. Great lunch."
3,Ggiata,Brentwood,Deli / Sandwiches,,(424) 484-4800,info@ggiata.com,https://www.ggiata.com/location/ggiata-brentwood/,https://www.yelp.com/biz/ggiata-los-angeles-14,,,Popular deli/sandwich spot.
3,Sun Nong Dan,Brentwood / West LA,Korean,,(310) 710-3988,,https://sunnongdanusa.com,https://www.yelp.com/biz/sun-nong-dan-los-angeles-6,,,Korean cuisine. Also on Sawtelle.
3,All Roads Pinseria + Enoteca,Brentwood,Roman-Inspired Italian / Wine,,(424) 256-2005,info@allroadspinseria.com,https://www.allroadspinseria.com,https://www.yelp.com/biz/all-roads-pinseria-enoteca-los-angeles-2,,,Modern wine bar. Roman-inspired cuisine.
3,Liu's Cafe,Brentwood,Chinese,,(213) 264-8585,hello@liuscafe.com,https://www.liuscafe.com,https://www.yelp.com/biz/liu-s-cafe-los-angeles-2,,,Newly top-rated on Yelp 2026.
3,Parakeet Cafe,Brentwood,Cafe / Healthy,,(310) 746-5828,hello@parakeetcafe.com,https://www.parakeetcafe.com/brentwood-cafe/,https://www.yelp.com/biz/parakeet-cafe-los-angeles,,,Top-rated on Yelp.
3,Casa Modena,Brentwood,Italian,,(310) 477-3880,info@casa-modena.com,https://www.casa-modena.com,https://www.yelp.com/biz/casa-modena-los-angeles-2,,,Featured in Yelp Feb 2026 top list.
3,Great White,Brentwood,Australian / All-Day Cafe,,(424) 325-6644,brentwood@greatwhite.cafe,https://www.greatwhite.cafe,https://www.yelp.com/biz/great-white-los-angeles-3,,,#1 on Yelp for Brentwood. Also in Venice.
3,A.O.C.,Brentwood (San Vicente Blvd) - CLOSED,California / Wine Bar,,(310) 806-6464,events@aocwinebar.com,https://www.aocwinebar.com,https://www.yelp.com/biz/aoc-brentwood-los-angeles,Was: Private room seats 30 (formerly Tavern's dining room). BRENTWOOD LOCATION NOW CLOSED. West Hollywood location still open.,30 (when open),CLOSED. Chef Suzanne Goin. LA Times Hall of Fame. West Hollywood location remains.
3,Tavern,Brentwood (San Vicente Blvd),Seasonal American,,(310) 806-6464,,,,Atrium space or warm ambient room. Contact for events.,,11648 San Vicente. Glass atrium. Seasonal American.
3,Electric Bleu,Mar Vista,Australian-Inflected Bistro,,,hello@electricbleu.com,https://electricbleu.com,https://www.yelp.com/biz/electric-bleu-los-angeles-2,,,"Chef Craig Hopson (ex-Le Cirque NYC). Roast chicken, steak au poivre, pate en croute."
3,Beethoven Market,Mar Vista,Cal-Italian,,,neighbor@beethovenmarket.com,https://www.beethovenmarket.com,https://www.yelp.com/biz/beethoven-market-los-angeles-2,,,"Chef Michael Leonard (Rustic Canyon, Evan Funke alum). 4-course tasting $59."
3,Tsujita LA Artisan Noodle,Sawtelle (West LA),Japanese Ramen / Tsukemen,,(310) 231-7373,,https://www.tsujita.com/sawtelle-la,https://www.yelp.com/biz/tsujita-la-artisan-noodle-los-angeles-2,,,Undisputed star of Sawtelle. Dip-style ramen.
3,Tsujita Annex,Sawtelle (West LA),Japanese Ramen,,,,https://www.tsujita.com,https://www.yelp.com/biz/tsujita-la-artisan-noodle-annex-los-angeles-3,,,Across from Tsujita LA. Traditional tonkotsu ramen.
3,Killer Noodle Tsujita,Sawtelle (West LA),Japanese Ramen (Spicy),,(424) 293-0465,,https://www.killernoodle.com,https://www.yelp.com/biz/killer-noodle-tsujita-los-angeles,,,From Tokyo. Spicy tantanmen ramen.
3,Daikokuya,Sawtelle (West LA),Japanese Ramen,,(310) 575-4999,,https://group.bishamon-ten.com/daikokuya/sawtelle/,https://www.yelp.com/biz/daikokuya-los-angeles-11,,,One of best ramen in LA.
3,Tatsu Ramen,Sawtelle (West LA),Japanese Ramen,,(310) 684-2889,westla@tatsuramen.com,https://tatsuramen.com/tatsu-ramen-sawtelle/,https://www.yelp.com/biz/tatsu-ramen-los-angeles,,,Sawtelle Centre. Customizable ramen.
3,Menya Tigre,Sawtelle (West LA),Japanese Curry Ramen,,(310) 231-9290,,https://tigre-la.com,https://www.yelp.com/biz/menya-tigre-los-angeles-4,,,Tiny quick-service. Unique curry ramen.
3,Marugame Udon,Sawtelle (West LA),Japanese Udon,,(424) 317-2222,,https://www.marugameudon.com/locations/sawtelle/,https://www.yelp.com/biz/marugame-udon-los-angeles-9,,,Cafeteria-style. Pick your udon bowl.
3,Dong Ting Noodle,Sawtelle (West LA),Chinese / Hunan Noodles,,(310) 867-5937,,https://dongtingnoodle.com,https://www.yelp.com/biz/dong-ting-noodle-los-angeles,,,Long menu of Hunan noodle dishes. Famous beef noodle soup.
3,Shin-Sen-Gumi,Sawtelle (West LA),Japanese Ramen,,(424) 208-3293,info@shinsengumigroup.com,https://shinsengumigroup.com/restaurants/shin-sen-gumi-hakata-ramen-west-l-a/,https://www.yelp.com/biz/shin-sen-gumi-yakitori-and-izakaya-los-angeles-7,,,Hakata chain. Lighter tonkotsu. Northern Sawtelle.
3,Nanbankan,Sawtelle (West LA),Japanese Yakitori / Izakaya,,(310) 478-1591,,,https://www.yelp.com/biz/nanban-kan-los-angeles-2,,,Grilled skewers. Portal-to-Tokyo dining room.
3,Chinchikurin,Sawtelle (West LA),Japanese Okonomiyaki,,(310) 478-0521,info@chinchikurin-usa.com,https://www.chinchikurin-usa.com,https://www.yelp.com/biz/chinchikurin-sawtelle-los-angeles-2,,,Hiroshima-style okonomiyaki specialist.
3,Hide Sushi,Sawtelle (West LA),Japanese Sushi,,(310) 477-7242,information@hidesushi.com,https://hidesushi.com,https://www.yelp.com/biz/hide-sushi-japanese-restaurant-los-angeles,,,One of best sushi on Sawtelle.
3,Dan Modern Chinese,Sawtelle (West LA),Modern Chinese,,(310) 235-2089,info@danmodernchinese.com,https://danmodernchinese.com/pages/sawtelle,https://www.yelp.com/biz/dan-modern-chinese-los-angeles,,,From Pasadena. Xiao long bao rivals Din Tai Fung.
3,Plan Check Kitchen + Bar,Sawtelle (West LA),American / Burgers,,(424) 208-3906,info@plancheck.com,https://theplancheck.com,https://www.yelp.com/biz/plan-check-kitchen-bar-los-angeles-9,Contact for group events.,,Famous PCB burger. Among best burgers in LA.
3,Sonoritas Prime Tacos,Sawtelle (West LA),Mexican (Sonora Region),,(310) 444-9100,info@sonoritastacos.com,https://www.sonoritastacos.com,https://www.yelp.com/biz/sonoritas-prime-tacos-los-angeles,,,Vibrant Sonoran flavors.
3,The Mulberry,Sawtelle (West LA),Korean Bistro,,(310) 598-5191,info@themulberrylosangeles.com,https://www.themulberrylosangeles.com,https://www.yelp.com/biz/the-mulberry-los-angeles,,,Moody bistro. Former Benu chef. $49 three-course tasting.
3,Kojima,Sawtelle (West LA),Japanese Kappo / Omakase,,(424) 248-0116,,,https://www.yelp.com/biz/kojima-los-angeles,Not suitable for private events. 8 seats only.,8,From Tokyo izakaya owner. 12-course omakase $200. Walk-in 4-course $80.
3,Ten No Meshi,Sawtelle (West LA),Japanese Katsu,,(310) 231-1177,,https://tonkatsu-la.tennomeshi.com,https://www.yelp.com/biz/kyoto-wagyu-tonkatsu-ten-no-meshi-los-angeles-2,,,From Kyoto. First US location. A5 wagyu katsu served pink.
3,Yakun,Sawtelle (West LA),Japanese Yakitori Omakase,,(213) 998-9888,,https://ya-kun.com,https://www.yelp.com/biz/yakun-los-angeles,Not suitable for events. 8 seats.,8,"$280/person. 5 apps, 15 skewers, 1 entree, dessert."
3,Tempura House,Sawtelle (West LA),Japanese Tempura,,(310) 479-5989,tempurahouse7@gmail.com,,https://www.yelp.com/biz/sawtelle-tempura-house-west-los-angeles,,,Est. 1949. Specializes in tempura.
3,Big Boi,Sawtelle (West LA),Filipino,,(424) 832-7199,info@gobigboi.com,https://www.gobigboi.com,https://www.yelp.com/biz/big-boi-filipino-los-angeles-2,,,"Takeout-oriented. Pork sisig, chicken adobo, longganisa combos."
3,Nong La,Sawtelle (West LA),Vietnamese,,(310) 268-1881,info@nonglacafe.com,https://www.nonglacafe.com,https://www.yelp.com/biz/nong-la-cafe-los-angeles,,,Top-rated on Sawtelle.
3,Seoul Tofu,Sawtelle (West LA),Korean,,(310) 444-9988,,https://www.seoulhouseoftofu.com,https://www.yelp.com/biz/seoul-house-of-tofu-los-angeles,,,Top-rated Korean on Sawtelle.
3,Hurry Curry,Sawtelle (West LA),Japanese Curry,,(310) 473-1640,,https://hurrycurryoftokyo.com,https://www.yelp.com/biz/hurry-curry-of-tokyo-los-angeles,,,Japanese curry restaurant.
3,Sea Salt Poke,Sawtelle (West LA),Poke,,(424) 293-0723,,https://www.seasaltpoke.com,https://www.yelp.com/biz/sea-salt-poke-los-angeles-3,,,Fresh fish poke bowls.
3,Furaibo,Sawtelle (West LA),Japanese,,(310) 444-1432,,https://www.furaibousa.com,https://www.yelp.com/biz/furaibo-restaurant-los-angeles-2,,,Japanese restaurant on Sawtelle.
3,Robata,Sawtelle (West LA),Japanese,,(310) 481-1418,,,https://www.yelp.com/biz/robata-ya-los-angeles,,,Japanese restaurant on Sawtelle.
3,Kaz the Soba Place,Sawtelle (West LA),Japanese Soba,,(424) 293-8111,,,https://www.yelp.com/biz/kaz-the-soba-place-los-angeles,,,Hand-made cold soba noodles.
3,Asahi Ramen,Sawtelle (West LA),Japanese Ramen,,(310) 479-2231,,,https://www.yelp.com/biz/asahi-ramen-los-angeles,,,Ramen on Sawtelle.
3,Comedor,Westside,New-Wave Mexican,,(310) 857-2552,info@brokenspanishcomedor.com,https://brokenspanishcomedor.com,https://www.yelp.com/biz/broken-spanish-comedor-los-angeles-2,,,"Chef Ray Garcia. Resurrection of Broken Spanish. Small plates, Latin-funk vibe."
4,Providence,Hollywood,Modern American Seafood (Fine Dining),"5955 Melrose Ave, Los Angeles, CA 90038",(323) 460-4170,info@providencela.com,https://providencela.com/,https://www.yelp.com/biz/providence-los-angeles-2,Private Room; Chef's Table; Full Bar; BYO Wine,,3 Michelin Stars (2025). One of LA's most acclaimed restaurants.
4,Mother Wolf,Hollywood,Italian (Roman-inspired),"1545 Wilcox Ave, Los Angeles, CA 90028",(323) 515-1077,info@motherwolfla.com,https://motherwolfla.com/,https://www.yelp.com/biz/mother-wolf-los-angeles,Romulus (22 guests); Remus (10 guests); Bar Avoja; Full buyout (350),350 (full buyout),Chef Evan Funke. Best New Restaurants in the World by Conde Nast Traveler.
4,Ka'teen,Hollywood,Modern Mexican / Yucatan,"6516 Selma Ave, Los Angeles, CA 90028",(323) 410-6360,reservations@kateenla.com,https://www.kateenla.com/,https://www.yelp.com/biz/kateen-los-angeles-2,5000 sq ft tropical oasis with Special Events Deck,5000 sq ft,Chef Wes Avila. Michelin Guide and James Beard recognized.
4,Yamashiro Hollywood,Hollywood Hills,Japanese / Pan-Asian,"1999 N Sycamore Ave, Los Angeles, CA 90068",(323) 466-5125,info@yamashirohollywood.com,https://yamashirohollywood.com/,https://www.yelp.com/biz/yamashiro-hollywood-los-angeles,Skyview Room (60 seated/90 reception); Sunset Dining (65); Koi (30 seated/40 reception); Garden Courtyard; Full buyout (1000),Up to 1000 (full buyout),Built 1911. 22000 sq ft. Events range $2050-$17500 for 50 guests.
4,Luv2eat Thai Bistro,Hollywood,Thai,"6660 W Sunset Blvd, Los Angeles, CA 90028",(323) 498-5835,luv2eat.thaibistro@gmail.com,https://luv2eatthaibistro.com/,https://www.yelp.com/biz/luv2eat-thai-bistro-los-angeles,Not publicly listed,,Michelin Guide. 2024 James Beard Semifinalist. Established 2014.
4,Salt's Cure,Hollywood,New American / Brunch,"1155 N Highland Ave, Los Angeles, CA 90038",(323) 380-7148,west@saltscure.com,https://www.saltscure.com/,https://www.yelp.com/biz/salts-cure-los-angeles,Not publicly listed,,All California-sourced ingredients. Opened 2010.
4,L'Antica Pizzeria Da Michele,Hollywood,Neapolitan Pizza,"1534 N McCadden Pl, Los Angeles, CA 90028",(323) 366-2408,info@damicheleusa.com,https://damicheleusa.com/,https://www.yelp.com/biz/l-antica-pizzeria-da-michele-los-angeles-2,Call to inquire,,Heritage dating to 1870 in Naples.
4,Marino Ristorante,Hollywood,Italian,"6001 Melrose Ave, Los Angeles, CA 90038",(323) 466-8812,info@marinorestaurant.com,https://marinorestaurant.com/,https://www.yelp.com/biz/marino-restaurant-los-angeles,Private room with own entrance; seats up to 35,35 (private room),Family-owned since the 1950s. 4.9 stars OpenTable.
4,Somni,West Hollywood,Modernist Spanish (Fine Dining),"9045 Nemo St, West Hollywood, CA 90069",,info@somnirestaurant.com,https://www.somnirestaurant.com/,https://www.yelp.com/biz/somni-west-hollywood-2,Cellar Experience: private room up to 6 guests,14 seats (Chef's Counter); 6 (Cellar),3 Michelin Stars. $1595/person. Chef Aitor Zabala.
4,Nobu Los Angeles,West Hollywood,Japanese Fine Dining,"903 N La Cienega Blvd, Los Angeles, CA 90069",(310) 657-5711,losangeles.events@noburestaurants.com,https://noburestaurants.com/losangeles/home,https://www.yelp.com/biz/nobu-los-angeles-los-angeles,Full buyout: 4000 sq ft. Main Dining: 85-130 seated. Outdoor: 100 guests.,85-130 (main); 100 (outdoor),50% deposit required. 5% Events Fee.
4,CATCH LA,West Hollywood,Seafood / Sushi / Steak,"8715 Melrose Ave, West Hollywood, CA 90069",(323) 347-6060,westcoastevents@CatchHG.com,https://www.catchrestaurants.com/location/catch-la/,https://www.yelp.com/biz/catch-west-hollywood,Multiple private/semi-private spaces. Events from $200/person.,340 seats total,Rooftop with views of downtown LA and Hollywood Hills.
4,Craig's,West Hollywood,American Fine Dining,"8826 Melrose Ave, West Hollywood, CA 90069",(310) 276-1900,events@craigs.la,https://craigs.la/,https://www.yelp.com/biz/craigs-west-hollywood,Not publicly detailed,,Celebrity hotspot. Old Hollywood glamour.
4,La Boheme,West Hollywood,New American / Mediterranean,"8400 Santa Monica Blvd, West Hollywood, CA 90069",(323) 848-2360,,https://www.labohemeweho.com/,https://www.yelp.com/biz/la-boh%C3%A8me-west-hollywood-3,Outdoor (150 seated/400 cocktail); Main (120 seated/200 cocktail); Garden (50 seated/70 cocktail); Lounge (30 seated/80 cocktail),Up to 400 cocktail,Most romantic restaurant in LA. 30+ year WeHo staple.
4,Cecconi's West Hollywood,West Hollywood,Northern Italian,"8764 Melrose Ave, West Hollywood, CA 90069",(310) 432-2000,,https://www.cecconisrestaurants.com/west-hollywood/,https://www.yelp.com/biz/cecconis-west-hollywood-west-hollywood,Butterfly Room (private dining); Full venue hire,Call for details,4.7 stars OpenTable (5129 diners).
4,LAVO Los Angeles,West Hollywood,Coastal Italian,"9201 Sunset Blvd, Ste 100, West Hollywood, CA 90069",(310) 817-6441,laevents@taogroup.com,https://taogroup.com/venues/lavo-los-angeles/,https://www.yelp.com/biz/lavo-west-hollywood-3,Private room seats 65; 250-seat restaurant with retractable roof,250 seats; 65 (private),Tao Group. Triple-height ceilings.
4,SUR Restaurant & Lounge,West Hollywood,International / Mediterranean,"606 N Robertson Blvd, West Hollywood, CA 90069",(310) 289-2824,specialevent@surrestaurant.com,https://www.surrestaurant.com/,https://www.yelp.com/biz/sur-restaurant-and-lounge-west-hollywood-3,VIP Room (8-14/15-20); Kimono Room (16-36/30-50); Combined (50/95); Restaurant Buyout (130/200); Lounge Buyout (140/300),Up to 300 (lounge buyout),Famous from Vanderpump Rules.
4,Crossroads Kitchen,West Hollywood,Vegan Mediterranean,"8284 Melrose Ave, Los Angeles, CA 90046",(323) 782-9245,events@crossroadskitchen.com,https://www.crossroadskitchen.com/,https://www.yelp.com/biz/crossroads-kitchen-los-angeles-5,Private/semi-private space for 8+ guests,,Chef Tal Ronnen. Called best vegan chef by Oprah.
4,Uchi West Hollywood,West Hollywood,Japanese / Sushi,"9001 Santa Monica Blvd, Ste 101, West Hollywood, CA 90069",(310) 708-4808,,https://uchi.uchirestaurants.com/location/west-hollywood/,https://www.yelp.com/biz/uchi-west-hollywood-west-hollywood,Private dining available; parties 11+ book via website,,James Beard Award-winning Chef Tyson Cole.
4,Casa Madera,West Hollywood,Coastal Mexican Fine Dining,"8440 Sunset Blvd, West Hollywood, CA 90069",(310) 878-0814,events@noble33.com,https://www.thecasamadera.com/,https://www.yelp.com/biz/casa-madera-west-hollywood-west-hollywood-2,Private Dining Room (12); Full buyout (76 seated/114 standing),76 seated / 114 standing,Noble 33. 8000 sq ft Mayan Riviera-inspired.
4,Olivetta,West Hollywood,Coastal European,"9010 Melrose Ave, West Hollywood, CA 90069",(310) 307-3932,events@olivetta.la,https://www.olivetta.la/,https://www.yelp.com/biz/olivetta-west-hollywood-2,Contact events@olivetta.la,150-seat bungalow,Chef Michael Fiorelli.
4,The Little Door,West Hollywood / Beverly Grove,Contemporary French,"8164 W 3rd St, Los Angeles, CA 90048",(323) 951-1210,,https://thelittledoor.com/,https://www.yelp.com/biz/the-little-door-los-angeles,Piano Room (20); Blue Room (35); two outdoor gardens (24 and 60). Events $3250-$4250 for 50.,~150 max sit-down,4.8 stars OpenTable. 1hr 45min table reservation.
4,Spago Beverly Hills,Beverly Hills,New American / California,"176 N Canon Dr, Beverly Hills, CA 90210",(310) 385-0880,,https://wolfgangpuck.com/restaurants/spago-beverly-hills/,https://www.yelp.com/biz/spago-beverly-hills-beverly-hills-2,PDR 1 (2-24); PDR 2 (12-60); PDR 1+2 (40-88); PDR 1+2+Gallery (60-140); Full buyout (100-300 seated/550 reception),Up to 550 (full buyout),2 Michelin Stars. Wolfgang Puck flagship. Retractable roof patio.
4,CUT by Wolfgang Puck,Beverly Hills,Steakhouse Fine Dining,"9500 Wilshire Blvd, Beverly Hills, CA 90212",(310) 276-8500,bwcatering@fourseasons.com,https://wolfgangpuck.com/restaurants/cut-beverly-hills/,https://www.yelp.com/biz/cut-beverly-hills-beverly-hills-3,Petit CUT (24/30); Rodeo Dr. Tier (25); CUT Lounge (60/100); Full buyout (160/300),Up to 300 (full buyout),1 Michelin Star. Beverly Wilshire hotel.
4,Mastro's Steakhouse,Beverly Hills,Steakhouse / Seafood,"246 N Canon Dr, Beverly Hills, CA 90210",(310) 888-8782,,https://www.mastrosrestaurants.com/location/mastros-steakhouse-beverly-hills/,https://www.yelp.com/biz/mastros-steakhouse-beverly-hills-2,2 to 500 guests. Napa Wine Room. AV capabilities.,Up to 500 (full buyout),Live music nightly. 1430 sq ft private space.
4,Steak 48,Beverly Hills,Steakhouse Fine Dining,"9680 Wilshire Blvd, Beverly Hills, CA 90212",(310) 388-0048,guestservicesbeverlyhills@steak48.com,https://www.steak48.com/steakhouses/beverly-hills/,https://www.yelp.com/biz/steak-48-beverly-hills-2,Up to 65 guests. Chef+Canon Room; Dominick Room; Whiskey Table.,65 (private dining),4.8 stars OpenTable.
4,Funke,Beverly Hills,Italian / Pasta Fine Dining,"9388 S Santa Monica Blvd, Beverly Hills, CA 90210",(424) 279-9796,info@funkela.com / events@funkela.com,https://www.funkela.com/,https://www.yelp.com/biz/funke-beverly-hills,Parties 9+: events@funkela.com. Rooftop Bar Funke.,3 stories,Chef Evan Funke. 1930s Art Deco building.
4,Avra Beverly Hills,Beverly Hills,Greek / Seafood,"233 N Beverly Dr, Beverly Hills, CA 90210",(310) 734-0841,BHEvents@theavragroup.com,https://theavragroup.com/avra-beverly-hills,https://www.yelp.com/biz/avra-beverly-hills-beverly-hills-4,Wine Villa (36); Art Villa (80); Beverly Room (22); Full buyout (500),500 (full buyout),11000 sq ft. MICHELIN Guide. Contact Mitzi DeMyers.
4,Matsuhisa Beverly Hills,Beverly Hills,Japanese / Peruvian Fusion,"129 N La Cienega Blvd, Beverly Hills, CA 90211",(310) 659-9639,events@matsuhisabeverlyhills.com,https://matsuhisabeverlyhills.com/,https://www.yelp.com/biz/matsuhisa-beverly-hills,Private room (22); Larger space (100); Off-site catering,22 (room); 100 (larger),Chef Nobu Matsuhisa's original restaurant (1987).
4,Lawry's The Prime Rib,Beverly Hills,Steakhouse / Prime Rib,"100 N La Cienega Blvd, Beverly Hills, CA 90211",(310) 652-2827,,https://www.lawrysonline.com/lawrys-the-prime-rib-beverly-hills/,https://www.yelp.com/biz/lawrys-the-prime-rib-beverly-hills-beverly-hills-4,Daytime: 25-500. Evenings: private rooms up to 80.,500 (daytime); 80 (evening),Since 1938. Home of Lawry's Seasoned Salt.
4,The Polo Lounge,Beverly Hills,American Fine Dining,"9641 Sunset Blvd, Beverly Hills, CA",(310) 887-2777,,https://www.dorchestercollection.com/los-angeles/the-beverly-hills-hotel/dining/polo-lounge,https://www.yelp.com/biz/polo-lounge-beverly-hills-2,Two private areas (12-70). Polo Private patio + Salon.,12-70,Iconic deal-making spot. Strict dress code after 4PM.
4,Monsieur Dior by Dominique Crenn,Beverly Hills,French Fine Dining,"323 N Rodeo Dr, Beverly Hills, CA 90210",(310) 859-4700,,https://www.monsieurdiorbeverlyhills.com/,https://www.yelp.com/biz/monsieur-dior-by-dominique-crenn-beverly-hills,Not publicly detailed,,First Dior restaurant outside Paris. Three-Michelin-star chef.
4,88 Club,Beverly Hills,Modern Chinese Fine Dining,"9737 S Santa Monica Blvd, Beverly Hills, CA 90210",(310) 968-9955,,https://www.88clubbh.com/,https://www.yelp.com/biz/88-club-beverly-hills-2,Not publicly detailed; small restaurant,44 seats + 5 at bar,Top Chef winner Chef Mei Lin. Opened 2025.
4,Sushi Note Omakase,Beverly Hills,Sushi / Omakase,"421 N Rodeo Dr, Beverly Hills, CA 90210",(310) 808-4486,,https://www.sushinoteomakase.com/,https://www.yelp.com/biz/sushi-note-omakase-beverly-hills,Private events up to 18; Full buyout 20-62,14 seats; 62 (buyout),20-course tasting menu ($220). Rodeo Collection.
4,Wally's Beverly Hills,Beverly Hills,New American / Wine Bar,"447 N Canon Dr, Beverly Hills, CA 90210",(310) 475-3540,privateevents@wallywine.com,https://www.wallywine.com/beverlyhills,https://www.yelp.com/biz/wallys-beverly-hills,PDR (40); Barrel Room (10); Wine Room (22); Large tables (25); Full buyout,40 (PDR),Wine store + restaurant. Open 10AM-12:30AM.
4,Nate 'n Al's,Beverly Hills,Jewish Deli,"414 N Beverly Dr, Beverly Hills, CA 90210",(310) 274-0101,,https://www.natenals.com/,https://www.yelp.com/biz/naten-als-beverly-hills,Not publicly listed,,Opened 1945. Classic deli. Showbiz hangout.
4,Il Cielo,Beverly Hills,Italian Fine Dining / Romantic,"9018 Burton Way, Beverly Hills, CA 90211",(310) 276-9990,info@ilcielo.com,https://www.ilcielo.com/,https://www.yelp.com/biz/il-cielo-beverly-hills-3,Several rooms; custom menus; top 7 places to get married in LA,Multiple rooms,Most romantic restaurant in LA. Founded 1986.
4,Marea Beverly Hills,Beverly Hills,Coastal Italian / Seafood,"430 N Camden Dr, Beverly Hills, CA 90210",(310) 620-8463,,https://www.marearestaurant.com/beverly-hills,https://www.yelp.com/biz/marea-beverly-hills-beverly-hills-2,Available; team responds within 24 hours,,Opened January 2025. First West Coast location.
4,Darling by Sean Brock,West Hollywood,New American / Live-fire,"631 N Robertson Blvd, West Hollywood, CA 90069",(323) 203-0236,info@darling.la,https://www.darling.la/,https://www.yelp.com/biz/darling-west-hollywood,Contact restaurant,,James Beard Award-winning chef. Opened August 2025.
5,Anajak Thai,Sherman Oaks,Thai / Contemporary,"14704 Ventura Blvd, Sherman Oaks, CA 91403",(818) 501-4201,res@anajakthai.com,https://www.anajakthai.com/,https://www.yelp.com/biz/anajak-thai-sherman-oaks,Private parties and company events year-round; email events@anajakthai.com,50,James Beard Award-winning Chef Justin Pichetrungsi; MICHELIN Guide listed; Thai Taco Tuesdays; 40+ years in operation
5,Sushi Note,Sherman Oaks,Japanese / Sushi / Wine Bar,"13447 Ventura Blvd, Sherman Oaks, CA 91423",(818) 802-3443,sushinote@wearebreadandbutter.com,https://www.sushinotela.com/,https://www.yelp.com/biz/sushi-note-los-angeles,,,Chef Kiminobu Saito; omakase menus; curated wine list of 90+ selections; MICHELIN Guide listed
5,Casita,Sherman Oaks,Modern Mexican,"14015 Ventura Blvd, Sherman Oaks, CA 91423",(818) 688-5009,info@casitarestaurant.com,https://www.casitarestaurant.com/,https://www.yelp.com/biz/casita-sherman-oaks,Events and catering available; contact stephanie@taishogroup.com,,Made-from-scratch modern Mexican; indoor/outdoor dining on Ventura Blvd
5,Bacari Sherman Oaks,Sherman Oaks,Mediterranean / Small Plates,"14106 Ventura Blvd, Sherman Oaks, CA 91423",(323) 986-6763,,https://www.eatwithbacari.com/,https://www.yelp.com/biz/bacari-sherman-oaks-sherman-oaks,Welcomes large parties; accommodates walk-ins and groups even on busy nights,,Venetian-inspired small plates; Chef Lior Hillel; Kronfli Brothers family-owned; 90-minute open bar special
5,Petit Trois Le Valley,Sherman Oaks,French Bistro,"13705 Ventura Blvd, Sherman Oaks, CA 91423",(818) 989-2600,levalley@petittrois.com,https://www.petittrois.com/levalley,https://www.yelp.com/biz/petit-trois-sherman-oaks-2,Parties of 8+; private events email events@petittrois.com,40+,Chef Ludo Lefebvre; James Beard Best New Restaurant nominee 2015; Michelin Bib Gourmand 2019
5,Osteria La Buca,Sherman Oaks,Italian,"14235 Ventura Blvd, Sherman Oaks, CA 91423",(818) 456-1216,,https://www.osterialabuca.com/,https://www.yelp.com/biz/osteria-la-buca-sherman-oaks-los-angeles,,,Country Italian tavern; handmade pasta daily; produce from own private farm; since 2005
5,BLVD Steak,Sherman Oaks,Steakhouse / Seafood,"13817 Ventura Blvd, Sherman Oaks, CA 91423",(818) 334-4822,info@blvdshermanoaks.com,https://www.blvdsteak.com/,https://www.yelp.com/biz/blvd-steak-sherman-oaks,Private events available; contact stephanie@taishogroup.com,,Modern steakhouse; named best steakhouse in LA by Eater and Chowhound
5,Daisy Margarita Bar,Sherman Oaks,Mexican / Cocktail Bar,"14633 Ventura Blvd, Sherman Oaks, CA 91403",(818) 450-3994,,https://www.daisyla.com/,https://www.yelp.com/biz/daisy-los-angeles-5,,,From the team behind Mirate in Los Feliz; cocktails by Max Reis; Chef Alan Sanz
5,Augustine Wine Bar,Sherman Oaks,Wine Bar / American,"13456 Ventura Blvd, Sherman Oaks, CA 91423",(818) 990-0938,,https://www.augustinewinebar.com/,https://www.yelp.com/biz/augustine-wine-bar-los-angeles,,,Rare vintage wines dating back to 1860; 50 wines by glass; walk-ins only; 21+ venue; Chef Evan Algorri
5,Sincerely Syria,Sherman Oaks,Syrian / Middle Eastern,"14536 Ventura Blvd, Sherman Oaks, CA 91403",(818) 906-8301,,https://www.sincerelysy.com,https://www.yelp.com/biz/sincerely-syria-sherman-oaks,,,Best shawarma in Sherman Oaks; formerly Hollywood Shawarma
5,Borekas Sephardic Pastries,Sherman Oaks,Israeli / Bakery,"14510 Ventura Blvd, Sherman Oaks, CA 91403",(818) 905-1718,,https://www.bo-re-kas.com/,https://www.yelp.com/biz/borekas-sephardic-pastries-sherman-oaks,,,Tiny takeout window; perfectly decadent Israeli-style bourekas
5,The Local Peasant,Sherman Oaks,American Gastropub,"14058 Ventura Blvd, Sherman Oaks, CA 91423",(818) 501-7500,,https://www.thelocalpeasant.com/,https://www.yelp.com/biz/the-local-peasant-sherman-oaks,,,Popular gastropub; craft beer; casual neighborhood vibe
5,Sadaf Restaurant,Encino,Persian / Mediterranean,"16240 Ventura Blvd, Encino, CA 91436",(818) 981-8100,,https://sadafencino.com/,https://www.yelp.com/biz/sadaf-restaurant-encino,Banquet space available for private events,,Modern Persian cuisine; full bar; outdoor patio; established 2011; sister of Darya Restaurants
5,Larsen's Steakhouse,Encino,Steakhouse,"16101 Ventura Blvd, Ste 270, Encino, CA 91436",(818) 386-9500,,https://www.larsensrestaurants.com/,https://www.yelp.com/biz/larsens-steakhouse-encino-encino,,,Premier steakhouse; aged steaks; boutique wine and martini list; elegant leather and suede booths
5,Claudine Kitchen & Bakeshop,Encino,Cafe / Bakery / American,"16350 Ventura Blvd, Ste F, Encino, CA 91436",(818) 616-3838,,https://www.claudinela.com/,https://www.yelp.com/biz/claudine-kitchen-and-bakeshop-encino,,,All-day brunch; scratch cooking; fresh pastries; pet-friendly patio; free underground parking
5,Mora Italiano,Encino,Italian,"17499 Ventura Blvd, Encino, CA 91316",(818) 386-0278,hello@moraitaliano.com,https://www.moraitaliano.com/,https://www.yelp.com/biz/mora-italiano-encino-3,Private events available; email hello@moraitaliano.com,,Love letter to 1960s Italy; heated outdoor patio; opened Oct 2018
5,Sushi by Scratch Restaurants,Encino,Japanese / Omakase,"16101 Ventura Blvd, Encino, CA 91436",(818) 646-6506,,https://www.sushibyscratchrestaurants.com/losangeles,https://www.yelp.com/biz/sushi-by-scratch-restaurants-la-los-angeles,,,Fusion omakase experience; theatrical presentation; prix fixe format
5,Posto 896,Encino,Italian / Hungarian,"17005 Ventura Blvd, Encino, CA 91316",(818) 528-3900,,https://www.posto896.com/,https://www.yelp.com/biz/posto-896-encino,,,Two chefs - one Italian one Hungarian; handmade pastas; Napoli-style pizzas; OpenTable Diners' Choice 2023-2025
5,Tel Aviv Grill,Encino,Israeli / Mediterranean,"17401 Ventura Blvd, Encino, CA 91316",(818) 501-8535,,https://www.telavivgrill.com/,https://www.yelp.com/biz/tel-aviv-grill-encino,,,Israeli mini-chain; multiple Valley locations
5,Don Antonio's,Encino,Mexican,"17018 Ventura Blvd, Encino, CA 91316",(818) 788-4141,,,https://www.yelp.com/biz/don-antonios-encino,,,Bright cozy patio; popular with families; signature margaritas
5,Pialon Restaurant,Encino,Mediterranean / Tapas,"17225 Ventura Blvd, Encino, CA 91316",(818) 881-9013,,https://pialonrestaurant.com/,https://www.yelp.com/biz/pialon-restaurant-tapas-and-bar-encino,,,Tapas and bar; top-rated on Yelp
5,Firefly,Studio City,New American / Mediterranean,"11720 Ventura Blvd, Studio City, CA 91604",(818) 762-1833,,https://www.fireflystudiocity.com/,https://www.yelp.com/biz/firefly-studio-city,,,Arguably most romantic restaurant in LA; outdoor fireplaces; Chef Viet Pham; 4.7 stars on OpenTable
5,Asanebo,Studio City,Japanese / Sushi,"11941 Ventura Blvd, Studio City, CA 91604",(818) 760-3348,,https://www.asanebo-restaurant.com/,https://www.yelp.com/biz/asanebo-studio-city,,,2 Michelin Stars; Zagat Rated; opened 1991 by former Matsuhisa chefs; 5-page menu
5,Sushi Tomoki,Studio City,Japanese / Sushi / Omakase,"3791 Cahuenga Blvd, Studio City, CA 91604",(747) 324-1109,,https://sushitomoki.com/,https://www.yelp.com/biz/sushi-tomoki-los-angeles,,,Chef Tomoki with 10+ years experience; Matsu Omakase; opened June 2023
5,Daichan,Studio City,Japanese,"11288 Ventura Blvd, Ste F, Studio City, CA 91604",(818) 980-8450,,https://daichan-restaurant.weeblyte.com/,https://www.yelp.com/biz/daichan-studio-city,,,Japanese soul food since 2002; famous original poki bowl; spicy curry udon
5,Art's Delicatessen,Studio City,Jewish Deli,"12224 Ventura Blvd, Studio City, CA 91604",(818) 762-1221,info@artsdeli.com,https://www.artsdeli.com/,https://www.yelp.com/biz/arts-delicatessen-studio-city,,,Studio City institution since 1957; 2nd generation family-owned; pastrami and matzo ball soup
5,Granville,Studio City,New American,"12345 Ventura Blvd, Ste C, Studio City, CA 91604",(818) 506-7050,studiocity@granvillecafe.com,https://www.granvillerestaurants.com/,https://www.yelp.com/biz/granville-studio-city,,,Organic and certified humane; DineLA trophy winner; since 2006
5,Roberta's,Studio City,Pizza / Italian,"4220 Coldwater Canyon Ave, Ste 116, Studio City, CA 91604",,la.info@robertazpizza.com,https://www.robertaspizza.com/studio-city,https://www.yelp.com/biz/robertas-los-angeles,,,Wood-fired pizza; Brooklyn-born since 2008; locally sourced ingredients
5,UOVO Studio City,Studio City,Italian / Pasta,"12313 Ventura Blvd, Studio City, CA 91604",(818) 432-8667,,https://www.uovopasta.com/,https://www.yelp.com/biz/uovo-studio-city,,,Fresh handmade pasta; imported Italian ingredients
5,Olive & Grill,Studio City,Mediterranean,"11911 Ventura Blvd, Studio City, CA 91604",(818) 480-3553,,https://www.oliveandgrill.com/,https://www.yelp.com/biz/olive-and-grill-studio-city,,,Modern Mediterranean; charming outdoor terrace under olive trees; live music; romantic ambiance
5,The Front Yard,Studio City,American,"4222 Vineland Ave, Studio City, CA 91602",(818) 255-7290,,https://www.thefrontyardla.com/,https://www.yelp.com/biz/the-front-yard-studio-city,Located at The Garland Hotel; event spaces available,150+,At The Garland Hotel; warm hospitality; brunch and dinner
5,Laurel Tavern,Studio City,American / Bar,"11938 Ventura Blvd, Studio City, CA 91604",(818) 506-0777,,https://www.laureltavern.com/,https://www.yelp.com/biz/laurel-tavern-studio-city,,,Neighborhood bar and restaurant; craft cocktails
5,Aroma Cafe,Studio City,California / Organic,"4360 Tujunga Ave, Studio City, CA 91604",(818) 508-7377,,https://www.aromacoffeeandtea.com/,https://www.yelp.com/biz/aroma-coffee-and-tea-studio-city,,,Located in Tujunga Village; locally sourced ingredients; loyal following
5,Great White,Studio City,Californian / Brunch,"12401 Ventura Blvd, Studio City, CA 91604",(818) 824-4433,,https://www.eatgreatwhite.com/,https://www.yelp.com/biz/great-white-studio-city,,,Popular brunch spot; Australian-inspired cafe
5,Verse,Toluca Lake,American / Supper Club,"4212 Lankershim Blvd, Toluca Lake, CA 91602",(818) 747-2135,concierge@verse.la,https://www.verse.la/,https://www.yelp.com/biz/verse-toluca-lake,,,Grammy-winning Manny Marroquin concept; 52 speakers; live performances; immersive dining
5,Ca' Del Sole,Toluca Lake,Northern Italian,"4100 Cahuenga Blvd, Toluca Lake, CA 91602",(818) 985-4669,,https://cadelsole.com/,https://www.yelp.com/biz/ca-del-sole-toluca-lake-2,Two private rooms (Gondolier Room 30 guests; Venetian Room 40 guests); patio seats 120; full restaurant buyout up to 150,250,Venetian atmosphere since 1994; wrap-around patio; cabanas; within walking distance of Universal Studios
5,Cascabel,Toluca Lake,Contemporary Mexican,"10717 Riverside Dr, Toluca Lake, CA 91602",(818) 927-4210,hello@cascabelrestaurant.com,https://cascabelrestaurant.com/,https://www.yelp.com/biz/cascabel-los-angeles,,,1920s Spanish-style villa; Chef Alex Eusebio; opened 2014
5,Sushi Yuzu,Toluca Lake,Japanese / Sushi,"10118 Riverside Dr, Toluca Lake, CA 91602",(818) 763-8355,,https://www.yuzuya-corporation.com/,https://www.yelp.com/biz/sushi-yuzu-toluca-lake,,,One of the best sushi bars in LA; casual dining; sister restaurant nearby
5,Bodega Malbec,Toluca Lake,Argentine / Italian,"10151 Riverside Dr, Toluca Lake, CA 91602",(818) 762-4860,,https://bodegamalbec.com/,https://www.yelp.com/biz/bodega-malbec-toluca-lake,,,Authentic Argentine grill; Chef Javier Pardini; Latinx-owned; vegan/keto/pescatarian options
5,Angelino Trattoria,Toluca Lake,Italian / Pizza,"4386 Lankershim Blvd, Toluca Lake, CA 91602",(818) 769-5241,,https://www.angelinostrattoria.com/,https://www.yelp.com/biz/angelino-trattoria-and-pizzeria-toluca-lake,,,Best reviewed restaurant in Toluca Lake on OpenTable; relaxing Italian eatery
5,Don Cuco,Toluca Lake,Mexican,"3911 W Riverside Dr, Burbank, CA 91505",(818) 842-1123,doncuco@doncuco.com,https://www.doncuco.com/,https://www.yelp.com/biz/don-cuco-mexican-restaurant-burbank,,,Toluca Lake classic since 1969; family recipes from Merida Yucatan
5,Olive & Thyme,Toluca Lake,Mediterranean / Cafe,"3821 W Riverside Dr, Burbank, CA 91505",(818) 557-1560,,https://oliveandthyme.com/,https://www.yelp.com/biz/olive-and-thyme-toluca-lake-2,,,Gourmet cafe and marketplace; fine cheeses and charcuterie; Chef Melina Davies; since 2011
5,MA's Italian Kitchen,Toluca Lake,Italian,"4705 Lankershim Blvd, Toluca Lake, CA 91602",(818) 766-9100,,https://www.masitaliankitchen.com/,https://www.yelp.com/biz/mas-italian-kitchen-toluca-lake,,,Hearty Italian-American comfort food
5,Granville NoHo,North Hollywood,New American,"11136 Magnolia Blvd, North Hollywood, CA 91601",(818) 962-0858,noho@granville.net,https://www.granvillerestaurants.com/,https://www.yelp.com/biz/granville-north-hollywood-4,Private room available; group dining; inquiries to noho@granville.net,,NoHo Arts District location; organic ingredients; full bar; DineLA trophy winner
5,Salsa & Beer,North Hollywood,Mexican,"11669 Sherman Way, Sun Valley, CA 91605",(818) 503-1220,,https://salsaandbeer.com/,https://www.yelp.com/biz/salsa-and-beer-north-hollywood,,,One of the most popular Mexican restaurants in the Valley; famous salsa bar; family-run; Zacatecas recipes
5,350 Degree KBBQ,North Hollywood,Korean BBQ,"5319 Lankershim Blvd, North Hollywood, CA 91601",(818) 760-0350,,https://350degreekbbq.com/,https://www.yelp.com/biz/350-degree-kbbq-north-hollywood,,,Top-rated Korean BBQ
5,Memphis Grill,North Hollywood,BBQ / Memphis-Style,"12224 1/2 Magnolia Blvd, North Hollywood, CA 91607",(818) 760-0850,,https://www.thememphisgrill.com/,https://www.yelp.com/biz/memphis-grill-north-hollywood,,,Memphis-style BBQ; underrepresented style in LA
5,The Six Social House,North Hollywood,American,"13228 Burbank Blvd, Sherman Oaks, CA 91401",(818) 385-1926,,https://www.thesixla.com/,https://www.yelp.com/biz/the-six-social-house-sherman-oaks,,,Social house concept; bar and dining
5,UMIAI Hand Roll & Sake Bar,North Hollywood,Japanese / Hand Roll,"11274 Magnolia Blvd, North Hollywood, CA 91601",(818) 358-3580,michelle@umiaihandroll.com,https://www.umiaihandroll.com/,https://www.yelp.com/biz/umiai-hand-roll-and-sake-bar-north-hollywood,,,Hand roll sushi; sake bar
5,Vui Ve,North Hollywood,Vietnamese,"6255 Laurel Canyon Blvd, North Hollywood, CA 91606",(818) 508-0898,,https://www.vuive.com/,https://www.yelp.com/biz/vui-ve-north-hollywood,,,Vietnamese cuisine; multiple Valley locations
5,The Swingin' Door,North Hollywood,Texas BBQ,"13230 Burbank Blvd, North Hollywood, CA 91401",(818) 766-4644,,https://www.swingindoorbbq.com/,https://www.yelp.com/biz/the-swingin-door-north-hollywood,,,Texas-style BBQ; casual neighborhood spot
5,Castaway Restaurant & Events,Burbank,American / Steakhouse,"1250 East Harvard Rd, Burbank, CA 91501",(818) 848-6691,castawayburbank@srcmail.com,https://www.castawayburbank.com/,https://www.yelp.com/biz/castaway-burbank-burbank-6,Eight indoor/outdoor event spaces; accommodates 20-1000 guests; full-service events team; weddings corporate and social events,1000,Sweeping views of LA skyline; completely reimagined; seasonal cuisine; premier event destination
5,The Smoke House,Burbank,American / Steakhouse,"4420 Lakeside Dr, Burbank, CA 91505",(818) 845-3731,info@smokehouse1946.com,https://www.smokehouse1946.com/,https://www.yelp.com/biz/smoke-house-restaurant-burbank-3,Accommodating solutions for private dining; contact restaurant directly for arrangements,,Fine food since 1946; prime rib and aged steaks; valet parking; 4.5 stars on OpenTable
5,Morton's The Steakhouse,Burbank,Steakhouse,"3400 W Olive Ave, Burbank, CA 91505",(818) 238-0424,,https://www.mortons.com/location/mortons-the-steakhouse-burbank-ca/,https://www.yelp.com/biz/mortons-the-steakhouse-burbank,Spacious dining room; three private boardrooms; events for 10-100 guests,100,Heart of Burbank Media District; near NBC Warner Bros Disney; signature Bar Bites
5,Porto's Bakery & Cafe,Burbank,Cuban / Bakery,"3614 W Magnolia Blvd, Burbank, CA 91505",(818) 846-9100,,https://www.portosbakery.com/,https://www.yelp.com/biz/portos-bakery-and-cafe-burbank,,,Pride of Burbank since 1960; legendary guava pastries and potato rolls; ships nationwide
5,Bob's Big Boy,Burbank,American / Diner,"4211 W Riverside Dr, Burbank, CA 91505",(818) 843-9334,,https://bobs.net/,https://www.yelp.com/biz/bob-s-big-boy-burbank,,,Oldest remaining Bob's Big Boy in America (1949); CA Point of Historical Interest; Friday Classic Car Show
5,Chili John's,Burbank,American / Chili,"2018 W Burbank Blvd, Burbank, CA 91506",(818) 846-3611,,https://chilijohnsofca.com/,https://www.yelp.com/biz/chili-johns-burbank-3,,,Burbank's oldest continuously operating restaurant; same recipe since 1946; featured on Diners Drive-Ins and Dives
5,Sotta,Burbank,Italian,"209 N Pass Ave, Burbank, CA 91505",(818) 558-3557,info@sottala.com,https://sottala.com/,https://www.yelp.com/biz/sotta-burbank,,,Hip new Italian; top-rated on Yelp
5,The Girl & The Chicken,Burbank,American / Chicken,"3323 W Olive Ave, Burbank, CA 91505",(818) 333-1025,,https://girlandthechicken.com/,https://www.yelp.com/biz/the-girl-and-the-chicken-burbank,,,Popular new restaurant; highly rated
5,Gus's World Famous Fried Chicken,Burbank,Southern / Fried Chicken,"308 N San Fernando Blvd, Burbank, CA 91502",(818) 276-1010,,https://gfriedchicken.com/,https://www.yelp.com/biz/guss-world-famous-fried-chicken-burbank,,,Memphis-born; world-famous fried chicken
5,Palma Ristorante,Burbank,European / Italian,"3601 W Olive Ave, Burbank, CA 91505",(818) 736-7256,info@palmaburbank.com,https://palmausa.com/,https://www.yelp.com/biz/palma-ristorante-burbank,Fine dining venue; event hosting available,,Premier fine dining in Burbank; extensive wine list; signature cocktails
5,Le Sanglier,Tarzana,French,"5522 Crebs Ave, Tarzana, CA 91356",(818) 345-0470,,https://www.lesanglierrestaurant.com/,https://www.yelp.com/biz/le-sanglier-french-restaurant-tarzana-2,,,Award-winning French restaurant since 1970; over 50 years; duck wild boar veal specialties; 4.8 stars OpenTable
5,SO Sushi,Tarzana,Japanese / Sushi,"18450 Ventura Blvd, Tarzana, CA 91356",(818) 345-0360,,https://www.sosushi.net/,https://www.yelp.com/biz/so-sushi-tarzana,,,Name means creative in Chinese; set menus for sushi sashimi and roll lovers
5,Casalena,Woodland Hills,Coastal Mediterranean,"22160 Ventura Blvd, Woodland Hills, CA 91364",(818) 704-1185,,https://www.casalena.la/,https://www.yelp.com/biz/casalena-woodland-hills-2,Five distinct dining spaces; accommodates 10-600 guests; full event planning,600,8000 sq ft; coastal Mediterranean; indoor/outdoor; bar lounge atrium garden terrace
5,Prose Kitchen & Bar,Woodland Hills,New American / Italian,"21150 Ventura Blvd, Woodland Hills, CA 91364",(747) 300-3152,events@eatatprose.com,https://eatatprose.com/,https://www.yelp.com/biz/prose-kitchen-and-bar-woodland-hills,Group and private event inquiries to events@eatatprose.com,,Chef David Gussin; California seasonality with global influence; opened March 2025; rolled lasagna miso black cod
5,JOEY Woodland Hills,Woodland Hills,New American,"6344 Topanga Canyon Blvd, Ste 1010, Woodland Hills, CA 91367",(818) 340-5639,,https://joeyrestaurants.com/location/joey-woodland-hills,https://www.yelp.com/biz/joey-woodland-hills-woodland-hills-3,Private dining for 10-120 people; courtyard patio lounge and dining room; $800-$20000 per event,120,Globally-inspired menus; craft cocktails; valet parking; open late
5,Fleming's Prime Steakhouse,Woodland Hills,Steakhouse,"6373 Topanga Canyon Blvd, Woodland Hills, CA 91367",(818) 346-1005,,https://www.flemingssteakhouse.com/locations/ca/woodland-hills,https://www.yelp.com/biz/fleming-s-prime-steakhouse-and-wine-bar-woodland-hills,Private dining rooms available; Cisco conferencing system; Events & Catering menu,,Near Warner Center; outstanding for business dining; validated parking
5,Deux Bistro,Woodland Hills,French Bistro,"20969 Ventura Blvd, Ste 14, Woodland Hills, CA 91364",(747) 230-4034,,https://deuxbistrowh.com/,https://www.yelp.com/biz/deux-bistro-woodland-hills,,,Family-owned; Chef Nicolas Fanucci from Cannes France; farm-to-table; French Quarter shopping center
5,Saint & Second,Woodland Hills,American,"22235 Ventura Blvd, Woodland Hills, CA 91364",(818) 610-3500,,https://www.saintandsecond.com/,https://www.yelp.com/biz/saint-and-second-woodland-hills,,,Top-rated on Yelp; American cuisine
5,Superba Food + Bread,Woodland Hills,Californian / Bakery,"22543 Ventura Blvd, Woodland Hills, CA 91364",(818) 564-6200,,https://www.superbafoodandbread.com/,https://www.yelp.com/biz/superba-food-bread-woodland-hills,,,Artisan bakery and restaurant; Californian cuisine
5,The Brothers Sushi,Woodland Hills,Japanese / Sushi,"22010 Ventura Blvd, Woodland Hills, CA 91364",(818) 712-0001,,https://www.thebrotherssushi.com/,https://www.yelp.com/biz/the-brothers-sushi-woodland-hills,,,Omakase and a la carte sushi
5,Shirin Restaurant,Woodland Hills,Persian,"21826 Ventura Blvd, Woodland Hills, CA 91364",(818) 348-7318,shirinresventura@gmail.com,https://shirinrestaurant.com/,https://www.yelp.com/biz/shirin-restaurant-woodland-hills,,,Family-owned for over 30 years; Persian cuisine
5,BLVD Steak Calabasas,Calabasas,Steakhouse / Seafood,"4776 Commons Way, Ste A, Calabasas, CA 91302",(818) 436-2900,info@blvdcalabasas.com,https://www.blvdsteak.com/calabasas-location,https://www.yelp.com/biz/blvd-steak-calabasas-2,Private events available; contact stephanie@taishogroup.com,,Modern steakhouse at The Commons; named best steakhouse by Eater and Chowhound
5,King's Fish House,Calabasas,Seafood,"4798 Commons Way, Calabasas, CA 91302",(818) 225-1979,,https://www.kingsfishhouse.com/calabasas,https://www.yelp.com/biz/kings-fish-house-calabasas-calabasas-2,Private dining for events and celebrations,,Established 1999; daily changing menu; oysters sushi live shellfish; 4.7 stars OpenTable
5,Agostino Sciandri's,Calabasas,Italian,"4799 Commons Way, Calabasas, CA 91302",(818) 222-9919,,https://calabasas.toscanova.com/,https://www.yelp.com/biz/agostino-sciandris-calabasas,,,Authentic Italian at The Commons in Calabasas
5,Marmalade Cafe,Calabasas,American,"4783 Commons Way, Calabasas, CA 91302",(818) 225-9092,,https://www.marmaladecafe.com/,https://www.yelp.com/biz/marmalade-cafe-calabasas,,,Well-prepared American cuisine; chain with quality dining
5,Odyssey Restaurant & Events,Granada Hills,New American / Steakhouse,"15600 Odyssey Dr, Granada Hills, CA 91344",(818) 366-6444,events@srcmail.com,https://www.theodysseyrestaurant.com/,https://www.yelp.com/biz/odyssey-restaurant-and-events-granada-hills,Ballroom indoor/outdoor event spaces; private patio; gazebo; 20-600 guests; SRC Event Group partner,600,Hilltop views of San Fernando Valley; steak-forward seasonal menu; premier wedding venue
5,Mercado Buenos Aires,Granada Hills,Argentine,"16137 Devonshire St, Granada Hills, CA 91344",(747) 529-6380,,https://www.mercadobuenosairesusa.com/,https://www.yelp.com/biz/mercado-buenos-aires-granada-hills-2,,,Over 30 years; Argentine restaurant bakery and market; grass-fed Angus beef; award-winning wines
5,Seoul Time,Granada Hills,Korean,"16530 Chatsworth St, Granada Hills, CA 91344",(818) 360-0096,,,https://www.yelp.com/biz/seoul-time-granada-hills,,,Top-rated Korean restaurant in Granada Hills
5,La Popular,Granada Hills,Mexican,"19801 Rinaldi St, Porter Ranch, CA 91326",(818) 831-8880,,https://www.lapopularcdmx.com/locations/porter-ranch,https://www.yelp.com/biz/la-popular-porter-ranch,,,10/10 food per reviews; top-tier quesabirria tacos and consome
5,Lola's Kitchen,Granada Hills,Mexican,"17601 Chatsworth St, Granada Hills, CA 91344",(818) 832-6464,,,https://www.yelp.com/biz/lolas-kitchen-granada-hills,,,Home-style Mexican cooking
5,Joe's Cafe,Granada Hills,American / Breakfast,"16548 Chatsworth St, Granada Hills, CA 91344",(818) 366-0617,info@joescafegh.com,https://joescafegh.com/,https://www.yelp.com/biz/joes-cafe-granada-hills,,,Beloved breakfast spot
5,La Bella Pizza Trattoria Italiana,Granada Hills,Italian / Pizza,"10828 Balboa Blvd, Granada Hills, CA 91344",(818) 360-0003,,https://labellapizza-la.com/,https://www.yelp.com/biz/la-bella-pizza-trattoria-italiana-granada-hills,,,Italian trattoria; pizza and pasta
5,Costa Grande,Van Nuys,Mexican,"14835 Oxnard St, Van Nuys, CA 91411",(818) 947-3500,,https://www.costagrandevannuys.com/,https://www.yelp.com/biz/costa-grande-van-nuys,,,Authentic Mexican; handmade tortillas; top-rated on Yelp
5,AYCE Gogi,Van Nuys,Korean BBQ,"6301 Van Nuys Blvd, Van Nuys, CA 91401",(818) 785-2694,,https://www.aycegogi.com/,https://www.yelp.com/biz/ayce-gogi-van-nuys,,,All-you-can-eat Korean BBQ; clean inviting ambiance; reasonable pricing
5,Bafang Dumpling,Van Nuys,Chinese / Dumplings,"14350 Victory Blvd, Van Nuys, CA 91401",(818) 786-8333,,https://www.bafangdumpling.com/,https://www.yelp.com/biz/bafang-dumpling-van-nuys,,,Authentic Chinese dumplings; quick service
5,El Criollo,Van Nuys,Cuban,"6525 Van Nuys Blvd, Van Nuys, CA 91401",(818) 994-4444,,http://vannuys.cubanfoodla.com/,https://www.yelp.com/biz/el-criollo-van-nuys,,,A must-stop in the Valley for Cuban food
5,Mariscos Los Arcos,Van Nuys,Mexican / Seafood,"14548 Sylvan St, Van Nuys, CA 91411",(818) 909-0091,info@mariscoslosarcos.com,https://mariscolosarcos.com/,https://www.yelp.com/biz/mariscos-los-arcos-van-nuys,,,Mexican seafood; top pick on Restaurantji
5,Fresh Grill Mediterranean,Van Nuys,Mediterranean,"14516 Victory Blvd, Van Nuys, CA 91411",(818) 786-0011,,https://freshgrillcuisine.com/,https://www.yelp.com/biz/fresh-grill-mediterranean-van-nuys,,,Highly rated Mediterranean
5,Gus's BBQ,Northridge,BBQ / Southern,"27504 The Old Rd, Valencia, CA 91355",(661) 977-7576,,https://www.gusbbq.com/,https://www.yelp.com/biz/guss-bbq-valencia,,,Since 1946; true Southern hospitality; real pit BBQ
5,Porto's Bakery Northridge,Northridge,Cuban / Bakery,"19546 Nordhoff St, Northridge, CA 91324",(818) 646-1806,,https://www.portosbakery.com/,https://www.yelp.com/biz/portos-bakery-cafe-northridge,,,Porto's Northridge location; same legendary pastries
5,Go's Mart,Canoga Park,Japanese / Sushi / Omakase,"22330 Sherman Way C12, Canoga Park, CA 91303",(818) 704-1459,,https://gos-mart.edan.io/,https://www.yelp.com/biz/gos-mart-canoga-park,,,Hidden gem; highest-grade sushi; no menu just daily specials; 30+ years expertise; 8 counter seats; no reservations
5,North Italia Topanga,Canoga Park,Italian,"6600 Topanga Canyon Blvd, Ste 52, Canoga Park, CA 91303",(818) 710-7246,,https://www.northitalia.com/locations/topanga-ca/,https://www.yelp.com/biz/north-italia-canoga-park,Group dining spaces available; Request a Space on website for events,,Handmade Italian from scratch; Westfield Topanga; 4.6 stars OpenTable
5,STK Steakhouse Topanga,Canoga Park,Steakhouse / Lounge,"6600 Topanga Canyon Blvd, Ste 2230, Canoga Park, CA 91303",(213) 946-4892,events@stksteakhouse.com,https://stksteakhouse.com/en-us/location/topanga/,https://www.yelp.com/biz/stk-steakhouse-canoga-park-3,Private event rooms seating up to 60; lunch from $45pp dinner from $95pp canape $50pp; call 833-STK-EVTS,60,Two floors and outdoor dining; live DJ; chic dining and lounge; at Westfield Topanga
5,Topanga Social,Canoga Park,Food Hall / Multi-Concept,"6600 Topanga Canyon Blvd, Ste 1M, Canoga Park, CA 91303",(818) 475-4000,,https://www.eatplaytopangasocial.com/,https://www.yelp.com/biz/topanga-social-canoga-park,55000 sq ft food hall; accommodates groups up to 1200 guests,1200,27 restaurant concepts; Westfield Topanga; live music; outdoor dining
5,Dog Haus,Canoga Park,American / Hot Dogs / Burgers,"21718 Sherman Way, Canoga Park, CA 91303",(818) 626-4287,,https://www.doghaus.com/,https://www.yelp.com/biz/dog-haus-canoga-park,,,All-natural hormone and antibiotic-free meat; gourmet hot dogs burgers sausages; craft beer
5,Henri's Restaurant,Canoga Park,Continental / American,"21601 Sherman Way, Canoga Park, CA 91303",(818) 340-4135,,,https://www.yelp.com/biz/henris-restaurant-canoga-park,,,Culinary gem; vibrant ambiance
5,Vinh Loi Tofu,Reseda,Vietnamese / Vegan,"18625 Sherman Way Ste 101, Reseda, CA 91335",(818) 996-9779,,https://www.vinhloitofu.com/,https://www.yelp.com/biz/vinh-loi-tofu-reseda-2,,,All-vegan Vietnamese; creative plant-based dishes; peanut soup; lemongrass beef banh mi
5,Ras Noodle,Panorama City,Thai / Noodle,"14350 Roscoe Blvd, Panorama City, CA 91402",(818) 891-6133,,,https://www.yelp.com/biz/ras-noodle-panorama-city,,,Top-rated on Yelp; Thai noodle specialist
5,Bludso's BBQ,Panorama City,BBQ / Texas-Style,"8720 Van Nuys Blvd, Panorama City, CA 91402",(818) 988-8227,,https://www.bludsos.com/,https://www.yelp.com/biz/bludsos-bbq-panorama-city,,,Legendary Texas-style BBQ; Kevin Bludso; nationally recognized
5,Viet Kitchen,Panorama City,Vietnamese,"14501 Roscoe Blvd, Panorama City, CA 91402",(818) 893-2888,,https://vietkitchens.com/,https://www.yelp.com/biz/viet-kitchen-panorama-city,,,Vietnamese cuisine; top-rated locally
5,Goto at Silog,Panorama City,Filipino,"14345 Roscoe Blvd, Panorama City, CA 91402",(818) 893-2040,,https://www.gotoatsilog.com/,https://www.yelp.com/biz/goto-at-silog-panorama-city,,,Filipino home cooking; crispy pork pata; kare-kare
5,Paros Family Restaurant,Sun Valley,Middle Eastern / American,"8425 Sunland Blvd, Sun Valley, CA 91352",(818) 768-7100,,,https://www.yelp.com/biz/paros-family-restaurant-sun-valley,,,Top-rated in Sun Valley
5,Chiguacle Sabor Ancestral,Sun Valley,Mexican / Oaxacan,"8715 Sunland Blvd, Sun Valley, CA 91352",(747) 245-0246,,https://www.chiguacle.com/,https://www.yelp.com/biz/chiguacle-sabor-ancestral-y-tortilleria-sun-valley,,,Ancestral Mexican cuisine; tortilleria
5,Les Sisters' Southern Kitchen,Chatsworth,Southern / Cajun / Creole,"20450 Nordhoff St, Winnetka, CA 91311",(818) 998-0755,lessisters2014@gmail.com,https://lessisters.com/,https://www.yelp.com/biz/les-sisters-southern-kitchen-and-bbq-chatsworth-2,,,Since 1986; bold soulful food; vegan vegetarian gluten-free options; Chatsworth institution
5,Las Fuentes,Chatsworth,Mexican,"10003 Topanga Canyon Blvd, Chatsworth, CA 91311",(818) 341-2012,,https://www.lasfuentes.com/,https://www.yelp.com/biz/las-fuentes-chatsworth,,,Beloved Mexican restaurant family
5,Nat's West Cafe,Chatsworth,American / Diner,"9303 Roscoe Blvd, Canoga Park, CA 91304",(818) 718-6287,,https://natswest.cafe/,https://www.yelp.com/biz/nats-west-cafe-canoga-park,,,Serving West Valley for years; breakfast lunch dinner; homemade muffins cookies pies
5,Yume Sushi,Studio City,Japanese / Sushi,"12216 Moorpark St, Studio City, CA 91604",(818) 508-7188,,https://www.yumesushila.com/,https://www.yelp.com/biz/yume-sushi-studio-city,,,Modern sushi spot; highly popular; make reservations
5,REDWHITE Studio City,Studio City,Steakhouse / Wine Bar,"12440 Ventura Blvd, Studio City, CA 91604",(818) 763-5523,,https://www.redwhitela.com/,https://www.yelp.com/biz/redwhite-studio-city-studio-city,,,Steak and wine bar concept
5,Broken Engrish,Studio City,Asian Fusion,"12361 Ventura Blvd, Studio City, CA 91604",(818) 358-3530,,https://www.brokenengrish.com/,https://www.yelp.com/biz/broken-engrish-studio-city,,,Asian fusion cuisine; top-rated on Yelp
5,Regalade,Studio City,French,"12740 Ventura Blvd, Studio City, CA 91604",(818) 927-4230,,https://www.regaladela.com/,https://www.yelp.com/biz/regalade-studio-city,,,New French restaurant in Studio City
5,Darling Studio City,Studio City,American / Mediterranean,"4220 Coldwater Canyon Ave, Studio City, CA 91604",,,,https://www.yelp.com/biz/darling-studio-city,,,New restaurant opening at Sportsmen's Lodge
5,Cafe De Olla,North Hollywood,Mexican / Brunch,"4302 W Burbank Blvd, Burbank, CA 91505",(818) 561-1110,,https://www.cafedeolla.la/,https://www.yelp.com/biz/cafe-de-olla-burbank,,,Popular Mexican brunch; highly rated
5,EAT NoHo,North Hollywood,American / Brunch,"11108 Magnolia Blvd, North Hollywood, CA 91601",(818) 985-0661,,https://www.eatnoho.com/,https://www.yelp.com/biz/eat-north-hollywood,,,Casual brunch and breakfast spot
5,BlaqHaus NoHo,North Hollywood,American / Soul,"5143 Lankershim Blvd, North Hollywood, CA 91601",(818) 764-0049,,https://blaqhaus.co/noho,https://www.yelp.com/biz/blaqhaus-noho-north-hollywood,,,Soul food and cocktails; vibrant atmosphere
5,Birrieria Familia Castro,North Hollywood,Mexican / Birria,"12500 Vanowen St, North Hollywood, CA 91605",(818) 834-4510,,,https://www.yelp.com/biz/birrieria-familia-castro-north-hollywood,,,Birria specialist; rich birria en caldo
5,Hungry Crowd,Toluca Lake,American,"4303 Lankershim Blvd, North Hollywood, CA 91602",(818) 505-7773,info@eatHungryCrowd.com,https://eathungrycrowd.com/,https://www.yelp.com/biz/hungry-crowd-north-hollywood,,,Top of Yelp lists for Toluca Lake area
5,Chubby Cattle,Woodland Hills,Hot Pot / Japanese,"6100 Topanga Canyon Blvd, Woodland Hills, CA 91367",(747) 363-5877,,https://www.chubbycattle.com/,https://www.yelp.com/biz/chubby-cattle-woodland-hills,,,Unique hot pot conveyor belt experience; Japanese-inspired
5,Leo & Lily,Woodland Hills,Mediterranean / American,"22630 Ventura Blvd, Woodland Hills, CA 91364",(818) 610-3500,,https://leonlily.com/,https://www.yelp.com/biz/leo-and-lily-woodland-hills,,,Top-rated in Woodland Hills
5,Soul of LA,Woodland Hills,Korean / Fusion,"22841 Ventura Blvd, Woodland Hills, CA 91364",(818) 914-8040,,,https://www.yelp.com/biz/soul-of-la-woodland-hills,,,Korean fusion cuisine
5,Hideout Cafe,Woodland Hills,Cafe / American,"22635 Ventura Blvd, Woodland Hills, CA 91364",(818) 888-7777,,https://www.hideoutcafewoodlandhills.com/,https://www.yelp.com/biz/hideout-cafe-woodland-hills,,,Cozy cafe; highly rated
5,Amor A Mi,Burbank,Mexican,"110 N San Fernando Blvd, Burbank, CA 91502",(818) 736-7230,,https://www.amorami377.com/,https://www.yelp.com/biz/amor-a-mi-burbank,,,Top-rated new Mexican restaurant in Burbank
5,Broken Compass Tiki,Burbank,Tiki Bar / Asian,"3321 W Olive Ave, Burbank, CA 91505",(747) 888-7003,ahoy@brokencompasstiki.com,https://www.brokencompasstiki.com/,https://www.yelp.com/biz/broken-compass-tiki-burbank,,,Tiki bar concept; hip new spot
5,Bread & Breakfast,Burbank,Bakery / Brunch,"3902 W Riverside Dr, Burbank, CA 91505",(818) 953-3400,,https://breadandbreakfastla.com/,https://www.yelp.com/biz/bread-and-breakfast-burbank,,,Fresh baked goods; popular brunch
5,Wild Carvery,Burbank,American / BBQ,"3500 W Olive Ave, Burbank, CA 91505",(818) 557-0100,,https://www.wildcarvery.com/,https://www.yelp.com/biz/wild-carvery-burbank,,,BBQ and carved meats
5,K-Pub,North Hollywood,Korean / BBQ,"5237 Lankershim Blvd, North Hollywood, CA 91601",(818) 358-3889,,https://www.kpubnoho.com/,https://www.yelp.com/biz/k-pub-north-hollywood,,,Korean BBQ pub concept
5,Crane & Elephant,Canoga Park,Asian / Thai,"21018 Ventura Blvd, Woodland Hills, CA 91364",(747) 888-3688,,https://www.craneandelephant.com/,https://www.yelp.com/biz/crane-and-elephant-woodland-hills,,,Asian cuisine; top-rated
5,Maiz Y Fuego,Canoga Park,Mexican,"7311 Topanga Canyon Blvd, Canoga Park, CA 91303",(747) 301-8001,,https://www.maizyfuego.com/,https://www.yelp.com/biz/maiz-y-fuego-canoga-park,,,Mexican cuisine; fire-roasted specialties
5,Sushi Goken,Van Nuys,Japanese / Sushi,"7330 Van Nuys Blvd, Van Nuys, CA 91405",(818) 997-5838,,https://sushigoken.com/,https://www.yelp.com/biz/sushi-goken-van-nuys,,,Top sushi pick in Van Nuys
5,Puro Sabor Peruvian,Van Nuys,Peruvian,"14701 Friar St, Van Nuys, CA 91411",(818) 779-0393,,https://purosabor.online/,https://www.yelp.com/biz/puro-sabor-peruvian-restaurant-van-nuys,,,Authentic Peruvian cuisine
5,Bostan By Grandma,Granada Hills,Persian / Afghan,"16922 Chatsworth St, Granada Hills, CA 91344",(818) 832-6424,,https://www.bakerygranadahills.com/,https://www.yelp.com/biz/bostan-by-grandma-granada-hills,,,Home-style Persian/Afghan cooking
5,Main Kitchen Cafe,Granada Hills,American / Cafe,"16860 Kingsbury St, Granada Hills, CA 91344",(818) 363-1229,,https://www.mainkitchencafe.com/,https://www.yelp.com/biz/main-kitchen-cafe-granada-hills,,,Popular cafe in Granada Hills
5,Star Crab,Panorama City,Seafood / Cajun,"8540 Van Nuys Blvd, Panorama City, CA 91402",(818) 988-3733,,https://thestarcrab.com/,https://www.yelp.com/biz/star-crab-panorama-city,,,Cajun seafood boil concept
5,TLV Tapas Bar,Encino,Mediterranean / Israeli,"17040 Ventura Blvd, Encino, CA 91316",(818) 940-9490,tlvtapas.events@gmail.com,https://www.tlv-tapas.com,https://www.yelp.com/biz/tlv-tapas-bar-encino,,,Mediterranean tapas; sophisticated atmosphere; culinary artistry
5,Nibble Nook Too,Encino,American / Diner,"16904 Ventura Blvd, Encino, CA 91316",(818) 783-6050,,,https://www.yelp.com/biz/nibble-nook-too-encino,,,Cozy homey restaurant; amazing French toast; best strawberry whip waffles
5,Coffee Cakes,Encino,Israeli / Cafe,"17036 Ventura Blvd, Encino, CA 91316",(818) 616-5663,,,https://www.yelp.com/biz/coffee-cakes-encino,,,Spectacular Israeli Breakfast Tower; labneh fresh vegetables avocado
5,Rouge Restaurant,Studio City,Mexican / Tulum-Inspired,"12505 Ventura Blvd, Studio City, CA 91604",(818) 980-0099,,https://www.therougerestaurant.com/,https://www.yelp.com/biz/rouge-studio-city,,,Tulum-inspired decor; rustic natural elements with chic modern design
5,The Night We Met,Studio City,American / Date Night,"12217 Ventura Blvd, Studio City, CA 91604",,,,https://www.yelp.com/biz/the-night-we-met-studio-city,,,New romantic dining concept
5,Catcher In The Rye,Toluca Lake,Cocktail Bar / American,"4282 Lankershim Blvd, Toluca Lake, CA 91602",(818) 760-6030,thecatcherintheryebar@gmail.com,https://catcherintheryebar.com/,https://www.yelp.com/biz/catcher-in-the-rye-north-hollywood,,,Speakeasy-style cocktail bar; gastropub fare
5,Prosecco Trattoria,Toluca Lake,Italian,"10144 Riverside Dr, Toluca Lake, CA 91602",(818) 505-0930,AmyFishburn@gmail.com,https://www.proseccotrattoria.com/,https://www.yelp.com/biz/prosecco-trattoria-toluca-lake,,,Great ambiance; Italian trattoria
5,Forman's,Toluca Lake,American / Bar,"10555 Riverside Dr, Toluca Lake, CA 91602",(818) 508-5006,info@formansla.com,https://www.formanstavern.com/,https://www.yelp.com/biz/formans-toluca-lake,,,Game lodge vibes; casual burgers and drinks
5,Armenian Bakery/Restaurant,Burbank,Armenian,"1414 N Glenoaks Blvd, Burbank, CA 91504",,,,,,,Family-owned; Armenian breads baked to order; two blazing ovens; adjarian and lahmajo
5,Chubby Dumplings,Burbank,Chinese / Dumplings,"3306 W Magnolia Blvd, Burbank, CA 91505",(818) 842-8688,,https://chubbydumplings.com/,https://www.yelp.com/biz/chubby-dumplings-burbank,,,Highly rated Chinese dumplings
5,Tigawok,Burbank,Asian / Wok,"3404 W Magnolia Blvd, Burbank, CA 91505",(818) 308-1380,,https://www.tigawok.com/,https://www.yelp.com/biz/tigawok-burbank,,,Asian wok cuisine; multiple mentions across neighborhoods
5,Anarbagh Restaurant,Woodland Hills,Indian,"22233 Ventura Blvd, Woodland Hills, CA 91364",(818) 224-3929,,https://anarbaghrestaurant.com/,https://www.yelp.com/biz/anarbagh-restaurant-woodland-hills,,,Indian cuisine in Woodland Hills
5,LaaLaaPan,Woodland Hills,Japanese / Ramen,"22337 Ventura Blvd, Woodland Hills, CA 91364",(818) 914-4101,,https://www.laalaapan.com/,https://www.yelp.com/biz/laalaapan-woodland-hills,,,Japanese ramen and pan
5,Noho Grill,Sun Valley,American / Grill,"8120 San Fernando Rd, Sun Valley, CA 91352",(818) 452-9500,,,https://www.yelp.com/biz/noho-grill-sun-valley,,,American grill; top-rated in Sun Valley
5,786 Degrees,Sun Valley,Pizza,"8109 Sunland Blvd, Sun Valley, CA 91352",(818) 939-6566,,https://786degrees.com/,https://www.yelp.com/biz/786-degrees-sun-valley,,,Pizza restaurant; top-rated in Sun Valley
5,Daisy's Restaurant,Panorama City,Mexican / American,"14507 Roscoe Blvd, Panorama City, CA 91402",(818) 893-3019,,https://daisysrestaurantca.com/,https://www.yelp.com/biz/daisys-restaurant-panorama-city,,,Local favorite in Panorama City
5,ELNO,Panorama City,Mediterranean,"14500 Roscoe Blvd, Panorama City, CA 91402",,,,https://www.yelp.com/biz/elno-panorama-city,,,Mediterranean cuisine
5,Al Italiano,Canoga Park,Italian,"21500 Victory Blvd, Canoga Park, CA 91303",(818) 716-7894,info@alitaliano.com,https://www.alitaliano.com/,https://www.yelp.com/biz/al-italiano-canoga-park,,,Top-5 favorite Italian in Canoga Park area
5,JINYA Ramen Bar,Canoga Park,Japanese / Ramen,"6600 Topanga Canyon Blvd, Canoga Park, CA 91303",(818) 710-7091,,https://www.jinya-ramenbar.com/,https://www.yelp.com/biz/jinya-ramen-bar-canoga-park,,,Popular ramen chain; Westfield Topanga location
5,Brewz Sports Cafe & Grill,Canoga Park,American / Sports Bar,"7406 Jordan Ave, Canoga Park, CA 91303",(818) 348-0056,,https://www.brewzsportscafeandgrill.com/,https://www.yelp.com/biz/brewz-sports-cafe-and-grill-canoga-park,,,Cozy sports bar; delicious food; reasonable prices; friendly staff
6,Vespertine,Culver City (Hayden Tract),New American (Fine Dining / Experiential),"3599 Hayden Ave, Culver City, CA 90232",(323) 320-4023,contact@vespertine.la,https://vespertine.la,https://www.yelp.com/biz/vespertine-culver-city,Email contact@vespertine.la for private event inquiries.,~30 seats,"2 Michelin stars, Green Star. Chef Jordan Kahn. Immersive multi-sensory dining experience inside 'The Waffle' building by Eric Owen Moss. Tasting menu only. Tue-Sat dinner. Reservations via Tock."
6,Destroyer,Culver City (Hayden Tract),New American (Daytime Cafe),"3578 Hayden Ave, Culver City, CA 90232",(310) 360-3860,,https://destroyer.la,https://www.yelp.com/biz/destroyer-culver-city,Not typically available for private events.,,Michelin recommended. Sister restaurant to Vespertine. Chef Jordan Kahn. Inventive breakfast/lunch/brunch. Daily 8am-3pm (Fri-Sun til 4pm). Under $30 price point.
6,Dear John's,Culver City (Downtown),American / Steakhouse,"11208 Culver Blvd, Culver City, CA 90230",(310) 881-9288,,https://www.dearjohnsbar.com,https://www.yelp.com/biz/dear-john-s-culver-city,Accepts private parties and large groups. Outdoor patio available. Contact restaurant directly for private dining.,,Iconic Rat Pack-era steakhouse revamped by Chefs Hans Rockenwagner & Josiah Citrin. Original opened 1962 by Johnny Harlowe (friend of Frank Sinatra). Tue-Sat 5:30-9:30pm.
6,Hatchet Hall,Culver City / Mar Vista,American / Southern / Wood Fire,"12517 W Washington Blvd, Los Angeles, CA 90066",(310) 391-4222,catering@hatchethallla.com,https://www.hatchethallla.com,https://www.yelp.com/biz/hatchet-hall-los-angeles,"Private event spaces available for dinner parties, birthdays, rehearsal dinners, film shoots. Customizable packages. Full catering available.",Varies by space,"Michelin recommended. Chef Brian Dunsmoor. Wood-fire cookery with Southern influence. Dinner Mon-Fri 5-10pm, Brunch Sat-Sun 10am-2:30pm. Valet and metered parking."
6,Maple Block Meat Co.,Culver City,American BBQ / Barbecue,"3973 Sepulveda Blvd, Culver City, CA 90230",(310) 313-6328,catering@mapleblockmeat.com,https://mapleblockmeat.com,https://www.yelp.com/biz/maple-block-meat-co-culver-city-23,Heated outdoor patio (up to 40). Parking lot can be transformed for up to 300 guests. Full-service catering with event planning. Catering inquiries: (917) 693-9711.,"40 (patio), 300 (lot buyout)","American barbecue tribute. Wood-smoked meats, craft cocktails. Open 7 days. Weekend brunch. Reservations via Tock."
6,Piccalilli,Culver City (Downtown),Asian Fusion / Cal-Asian / Thai-Inspired,"3850 Main St, Suite A, Culver City, CA 90232",(424) 298-8540,,https://piccalillila.com,https://www.yelp.com/biz/piccalilli-culver-city,Contact restaurant for group dining.,,"Modern Southwest Asian cuisine with Thai, Vietnamese, Japanese, Malaysian, and Indonesian influences. Lush patio. Reservations via Resy. Cocktails. 4.6 stars."
6,Bacari Culver City,Culver City (Downtown),Mediterranean / Venetian Small Plates,"3833 Main St, Culver City, CA 90232",(323) 986-6763,Events@bacari.us,https://www.eatwithbacari.com,https://www.yelp.com/biz/bacari-culver-city-culver-city-29,Private events available. Contact Events@bacari.us or call (323) 986-6763. Events page: eatwithbacari.com/cc-events. Also on Perfect Venue for bookings.,Varies,Venetian-inspired small plates by Chef Lior Hillel. 8th restaurant of Kronfli Brothers. 90-minute open bar special. Weekend brunch. Instagram: @eatwithbacari.
6,Father's Office,Culver City (Helms Bakery District),Gastropub / Craft Beer,"3229 Helms Ave, Los Angeles, CA 90034",(310) 736-2224,,https://fathersoffice.com/location/culver-city/,https://www.yelp.com/biz/fathers-office-los-angeles,Not typically available for private buyout.,,"Chef Sang Yoon. Famous for the Office Burger (no substitutions, no ketchup). 36 craft beers on tap. 21+ only (no children, no dogs). Larger than Santa Monica location. Order at the bar."
6,Mayura Indian Restaurant,Culver City,South Indian / Kerala,"10406 Venice Blvd, Culver City, CA 90232",(310) 559-9644,,https://mayurala.com,https://www.yelp.com/biz/mayura-indian-restaurant-culver-city-2,Contact restaurant for large groups.,,"Authentic Kerala cuisine. Separate vegetarian and non-vegetarian kitchens. Family owned. Exceptional vegetable samosas, palak paneer, chicken tikka masala. Closed Mondays."
6,Ugo Cafe,Culver City (Downtown),Italian / Neapolitan Pizza,"3865 Cardiff Ave, Culver City, CA 90232",(310) 204-1222,,https://www.cafeugo.com,https://www.yelp.com/biz/ugo-culver-city-2,Contact restaurant for events.,,"VPN-certified Neapolitan pizza (1 of 94 in US). Est. 2002. Award-winning pizza, fresh pasta, homemade gelato. Reservations via Tock."
6,Nardo Culver City,Culver City (Downtown),Italian / Neapolitan,"9725 Culver Blvd, Culver City, CA 90232",(310) 425-8605,nardoitalian@gmail.com,https://nardoitalian.com/nardculvercity,https://www.yelp.com/biz/nard%C3%B2-culver-city-culver-city-3,Contact restaurant for group reservations.,,"Neapolitan pizzas, homemade pastas, traditional Southern Italian dishes. Also has West Hollywood and Huntington Beach locations. 4.7 stars on OpenTable."
6,Simonette at Palihotel,Culver City (Downtown),French / Californian Cafe,"3927 Van Buren Pl, Culver City, CA 90232",(424) 321-7000,simonette@palihotelculvercity.com,https://www.simonetterestaurant.com,https://www.yelp.com/biz/simonette-culver-city-2,Private courtyard available. Event inquiries: fill form on palisociety.com or email sales@palihotelculvercity.com or events@palihotelculvercity.com.,,"All-day French-American cafe at 1920s boutique hotel (49 rooms). Breakfast, lunch, dinner, brunch. Happy Hour Mon-Fri 3-6pm. Classic French neighborhood cafe vibe."
6,The Culver Hotel Bar & Restaurant,Culver City (Downtown),French-American,"9400 Culver Blvd, Culver City, CA 90232",(310) 558-9400,events@theculverhotel.com,https://www.culverhotel.com,https://www.yelp.com/biz/the-culver-hotel-bar-and-restaurant-culver-city-2,"Grand Lobby, Velvet Lounge (mezzanine with private bar & dance floor), Parisian Room (largest space). Groups 12+ contact events@theculverhotel.com. Full buyout possible.",10-350 depending on setup,1924 National Landmark hotel. European ambiance. Afternoon tea weekends. Live music. Parking available.
6,Lonzo's Restaurant,Culver City,Peruvian / Seafood / Bakery,"10804 Washington Blvd, Culver City, CA 90232",(310) 842-7876,info@lonzosrestaurant.com,https://www.lonzosrestaurant.com,https://www.yelp.com/biz/lonzos-restaurant-culver-city-3,Contact restaurant for groups.,,"Family-run Peruvian restaurant & bakery. Ceviche, Lomo Saltado, Causa Rellena. Named after owner's son. Mon-Thu 9am-9pm, Fri-Sat til 10pm."
6,Cafe Brasil,Culver City / Mar Vista,Brazilian,"11736 W Washington Blvd, Los Angeles, CA 90066",(310) 391-1216,,https://www.cafe-brasil.com,https://www.yelp.com/biz/cafe-brasil-los-angeles,Contact restaurant for groups.,,"Brazilian comfort food since 1991. All-day breakfast. Happy hour. Feijoada, scrambled eggs with collard greens, pao de queijo. Daily 10am-9pm."
6,Tito's Tacos,Culver City,Mexican (Classic),"11222 Washington Pl, Culver City, CA 90230",(310) 391-5780,,https://www.titostacos.com,https://www.yelp.com/biz/titos-tacos-culver-city,Not available for private events.,,LA icon since 1959. Hard-shell tacos and burritos. Walk-up window. No phone orders. Online ordering available. Daily 11am-8pm.
6,Honey's Kettle Fried Chicken,Culver City,Southern Fried Chicken,"9537 Culver Blvd, Culver City, CA 90232",(323) 396-9339,,https://honeyskettle.com,https://www.yelp.com/biz/honeys-kettle-fried-chicken-culver-city,Contact restaurant for catering/large orders.,,"Named Best Fried Chicken in LA by LA Magazine. Hand-dipped, cooked in 100% peanut oil. Originally from Compton, relocated to Culver City 2005."
6,Shojin,Culver City / Mar Vista,Japanese Vegan,"12406 Washington Blvd, Los Angeles, CA 90066",(310) 390-0033,,https://www.theshojin.com,https://www.yelp.com/biz/shojin-culver-city-los-angeles-4,Contact restaurant for group dining.,,"All plant-based, gluten-free, macrobiotic Japanese cuisine. Named after Buddhist vegan diet. Upscale-casual with live jazz. Instagram: @shojinlove."
6,Tangaroa Fish Market & Raw Bar,Culver City (West),Seafood / New Zealand,"12604 W Washington Blvd, Los Angeles, CA 90066",(424) 289-8144,,https://www.tfmraw.com,https://www.yelp.com/biz/tangaroa-fish-market-los-angeles,Contact restaurant for groups. Pet-friendly outdoor dining.,,"Kiwi-themed fresh seafood market & restaurant. Fish from New Zealand. Poke bowls, fish & chips. Est. 2015. Closed Mondays."
6,Public School 310,Culver City (Downtown),Gastropub / American,"9411 Culver Blvd, Culver City, CA 90232",(310) 558-0414,,https://www.psontap.com,https://www.yelp.com/biz/public-school-310-culver-city-2,Private events and group dining available. Dedicated Special Events Manager. AV equipment. See psontap.com/group-dining.,Varies by room,"School-themed gastropub. Craft beers, cocktails, scratch-made food. Good for business meetings and celebrations."
6,Meet in Paris,Culver City (Downtown),French Bistro,"9727 Culver Blvd, Culver City, CA 90232",(310) 815-8222,,https://www.meetinparisla.com,https://www.yelp.com/biz/meet-in-paris-culver-city,Contact restaurant for private events.,,Classic French comfort food and cocktails. Brunch on weekends. Free 2-hour parking nearby on Cardiff St. Reservations recommended.
6,Broken Spanish Comedor,Culver City (West),Modern Mexican / Alta California,"12565 Washington Blvd, Los Angeles, CA 90066",(310) 857-2552,,https://brokenspanishcomedor.com,https://www.yelp.com/biz/broken-spanish-comedor-los-angeles-2,"Cafe seats 20 (30 standing), Back Patio seats 36 (45 standing), Dining Room 80-100, Full Buyout up to 250 standing. Heated patio year-round.",20-250,Chef Ray Garcia. Revival of original Downtown Broken Spanish. Opened Oct 2025. Iconic A-Frame building. Most dishes $15-$22. Happy Hour Mon-Fri 4-6pm. Walk-ins welcome.
6,Carasau Ristorante,Culver City (Downtown),Sardinian Italian,"3918 Van Buren Pl, Culver City, CA 90232",(310) 876-0058,,https://carasauristorante.com,https://www.yelp.com/biz/carasau-culver-city,Private room available. Dog-friendly patio.,,Sardinian specialties including fregola di mare and culurgiones. Adjacent Carasau Cafe at 3912 Van Buren Pl. Reservations via OpenTable.
6,Laurel Grill,Culver City (Culver Steps),American / Wood-Fired,"9300 Culver Blvd, Ste 210 Fl 2, Culver City, CA 90232",(310) 744-1440,,https://laurelgrill.com,https://www.yelp.com/biz/laurel-grill-culver-city,Contact restaurant for group dining.,,"Upper level of The Culver Steps. Open kitchen, mid-century modern decor. Wood-fired pizzas, rotisserie chicken. Reservations via Resy. Bar seating first-come."
6,Cafe Vida,Culver City (Downtown),Californian / Latin / Healthy,"9755 Culver Blvd, Culver City, CA 90232",(310) 287-0140,,https://cafevida.net,https://www.yelp.com/biz/cafe-vida-culver-city-4,Contact restaurant for group orders.,,"Low-fat California and Latin dishes since 2002. Breakfast and lunch only. Next to Kirk Douglas Theater. Mon-Thu 8am-3pm, Fri 8am-4pm, Sat-Sun 8am-5pm."
6,Uzumaki Sushi,Culver City,Japanese / Sushi,"11060 Washington Blvd, Culver City, CA 90232",(310) 425-8904,uzumakiculver@gmail.com,http://www.uzumaki-sushi.com,https://www.yelp.com/biz/uzumaki-culver-city,Contact restaurant for groups.,,Modern minimalist sushi. Traditional nigiri and curated rolls. $28 set lunch menu. Closed Mondays. Complimentary parking on Tilden Ave.
6,The Brothers Sushi,Culver City,Japanese / Sushi / Omakase,"9240 Culver Blvd, Culver City, CA 90232",(310) 202-8890,,https://thebrotherssushicc.com,https://www.yelp.com/biz/the-brothers-sushi-culver-city-culver-city-2,Contact restaurant for group dining.,,Omakase and a la carte sushi. 15-course omakase $160/person. Chef Mark Okuda & Chef Kenji Sato. 25+ years experience. Reservations via Resy.
6,Grand Casino Bakery & Cafe,Culver City (Downtown),Argentine / Bakery / Cuban,"3826 Main St, Culver City, CA 90232",(310) 202-6969,,http://grandcasinobakery.com,https://www.yelp.com/biz/grand-casino-bakery-and-caf%C3%A9-culver-city,Contact restaurant for special orders and events.,,"Argentine bakery since 2004. Handmade empanadas, bread, cakes baked on-site. Daily 6am-8pm (Fri-Sat til 9pm)."
6,Jackson Market and Deli,Culver City (Downtown),Deli / Market / Cafe,"4065 Jackson Ave, Culver City, CA 90232",(310) 425-8426,jacksonmarketanddeli@gmail.com,https://www.jacksonmarketanddeli.com,https://www.yelp.com/biz/jackson-market-culver-city,Contact for catering and large orders.,,"Hidden gem since 1925. Custom deli sandwiches, wraps, coffee, pastries. Craft beer and wine. Daily 7am-8pm."
6,Bianca,Culver City (PLATFORM),French / Italian / Argentine / Bakery,"8850 Washington Blvd, Culver City, CA 90232",(424) 603-4353,,https://www.biancalosangeles.com,https://www.yelp.com/biz/bianca-culver-city-2,Contact restaurant for private events at PLATFORM.,,"Restaurant & bakery by Madeo Ristorante family and former Four Seasons pastry chef. Organic bread, pastries, custom cakes. Dinner Fri-Sat. Reservations via Tock."
6,Margot,Culver City (PLATFORM),Coastal Mediterranean / Spanish / Italian,"8820 Washington Blvd, Ste 301, Culver City, CA 90232",(310) 643-5853,,https://www.margot.la,https://www.yelp.com/biz/margot-culver-city,Indoor/outdoor rooftop venue with 360-degree views. Perfect for special occasions and corporate events. Event inquiries: margot.la/events.,Varies,"LA's favorite rooftop dining destination at PLATFORM. Est. 2018. Brunch Wed-Sun, Dinner Mon-Sun. Reservations via Tock."
6,ESME,Culver City (Downtown),Mediterranean / Middle Eastern / Latin,"3837 Main St, Culver City, CA 90232",,,https://www.esme-la.com,https://www.yelp.com/biz/esme-culver-city,Contact restaurant for events.,,"Cafe by day, restaurant by night. Founded by Ivan & Gabby. Mediterranean & Middle Eastern-Latin fusion. Coffee, wine, dinner. Closed Mondays. Instagram: @esme__la."
6,"Hey, Sunshine Kitchen",Culver City,Vegan / Plant-Based Fast Casual,"3863 Overland Ave, Culver City, CA 90232",(310) 360-3620,hey@heysunshinekitchen.com,https://www.heysunshinekitchen.com,https://www.yelp.com/biz/hey-sunshine-kitchen-culver-city,Catering services available.,,"100% plant-based, non-GMO. By the sisters behind Spork Foods. Bowls, sandwiches, tacos. Daily 11am-9pm. Free pollinator plant on Mondays. Est. 2023."
6,Culver & Main,Culver City (Downtown),American / Breakfast & Brunch,"3829 Main St, Culver City, CA 90232",(424) 228-9850,,https://culverandmain.com,https://www.yelp.com/biz/culver-and-main-culver-city,Contact restaurant for groups.,,Comforting fare and neighborhood connections. Breakfast and brunch. Mon-Sun 8am-4pm.
6,Nong La Vietnamese Cafe (Culver City),Culver City,Vietnamese,"9552 Washington Blvd, Culver City, CA 90232",(310) 876-1588,,https://www.nonglacafe.com,https://www.yelp.com/biz/nong-l%C3%A1-vietnamese-cafe-culver-city,Contact restaurant for groups.,,"Second location of the popular Sawtelle Vietnamese cafe. Pho, banh mi, rice dishes."
6,Potato Chips Deli (Culver City),Culver City (Downtown),Deli / Sandwiches,"3835 Main St, Culver City, CA 90232",(310) 730-6499,,https://www.potatochipsdeli.com,https://www.yelp.com/biz/potato-chips-deli-culver-city-culver-city,Not available.,,Gourmet sandwich shop with house-baked bread and 30+ potato chip flavors. Multiple LA locations.
6,Rocco's Tavern,Culver City (Downtown),Pizza / Italian-American / Sports Bar,"3843 Main St, Culver City, CA 90232",(310) 559-5500,,https://www.roccostavern.com/locations/culver-city,https://www.yelp.com/biz/roccos-tavern-culver-city,Contact restaurant for group dining.,,Casual pizza and sports bar on Main Street.
6,Little Fatty,Mar Vista,Taiwanese / Chinese Comfort Food,"3809-3813 Grandview Blvd, Los Angeles, CA 90066",(310) 853-5417,info@littlefattyla.com,https://www.littlefattyla.com,https://www.yelp.com/biz/little-fatty-los-angeles,Contact restaurant for group dining.,,"Chef-owner David Kuo. Scallion pancakes, squid ink soup dumplings, BBQ pork bao. Connected to Accomplice cocktail bar. Dinner nightly 5-10pm."
6,Fatty Mart,Mar Vista,Chinese / Market / Grab-and-Go,"12210 Venice Blvd, Los Angeles, CA 90066",(310) 881-9577,,https://www.fattymart.com,https://www.yelp.com/biz/fatty-mart-los-angeles,Not available.,,"From the Little Fatty team. Grab-and-go lunch, hot bar with mapo tofu pizza-by-the-slice."
6,Taverna at The Mar Vista,Mar Vista,Greek / Mediterranean,"12249 Venice Blvd, Los Angeles, CA 90066",(310) 751-6773,,https://www.themarvista.com,https://www.yelp.com/biz/taverna-at-the-mar-vista-los-angeles,"Available for family, friends, and work events. Contact restaurant to book.",,"Authentic Greek food. Casual setting with full bar, open-air garage doors. Weekend brunch, Sunday BBQ on patio. Closed Mondays."
6,Beethoven Market,Mar Vista,Cal-Italian / Seasonal,"12904 Palms Blvd, Los Angeles, CA 90066",(323) 579-1391,neighbor@beethovenmarket.com,https://www.beethovenmarket.com,https://www.yelp.com/biz/beethoven-market-los-angeles-2,Contact restaurant for group reservations.,,"One of Resy's 10 restaurants that defined LA dining in 2025. Chef Michael Leonard. No dish over $35, pastas under $20, cocktails capped at $15. Former 75-year-old grocery store. Reservations via Resy."
6,Quiadaiyn Restaurant,Mar Vista,Oaxacan / Mexican,"12326 Venice Blvd, Los Angeles, CA 90066",(310) 313-7654,,https://www.quiadaiyn.com,https://www.yelp.com/biz/quiadaiyn-restaurant-los-angeles,Spacious back patio for group dinners. Catering available. Live music for celebrations.,,"Family-run Oaxacan specialties. House-made salsas, tortillas, tamales. 4.9 stars on OpenTable. Daily 8am-10pm. Reservations via OpenTable."
6,Saby's Coffee & Kitchen,Mar Vista,Mexican / Breakfast,"12900 Venice Blvd, Los Angeles, CA 90066",(310) 439-1438,,https://cafesabys.com,https://www.yelp.com/biz/sabys-coffee-and-kitchen-los-angeles-4,Contact for catering.,,Contemporary Mexican breakfast. Scratch-made staples. Since 2020. Daily 8am-3pm.
6,Blueys Mar Vista,Mar Vista,French-Californian-Australian / Cafe,"12825 Venice Blvd, Los Angeles, CA 90066",(310) 881-9122,,https://www.blueyskitchen.com,https://www.yelp.com/biz/blueys-mar-vista-los-angeles,Contact restaurant for events.,,Neighborhood bistro. Locally sourced produce. Breakfast/lunch daily + dinner Wed-Sun 5-9pm. Also has Santa Monica location.
6,Rutt's Hawaiian Cafe,Mar Vista,Hawaiian,"11707 Washington Pl, Los Angeles, CA 90066",(310) 398-6326,,https://www.ruttscafe.com,https://www.yelp.com/biz/rutts-hawaiian-cafe-los-angeles-4,Catering available via Rutt's Catering.,,"Since 1976. All-day breakfast, poke, spam musubi. Featured on Food Network. Daily 7:30am-9pm."
6,Cafe Brasil (Mar Vista),Mar Vista / Culver City,Brazilian,"11736 W Washington Blvd, Los Angeles, CA 90066",(310) 391-1216,,https://www.cafe-brasil.com,https://www.yelp.com/biz/cafe-brasil-los-angeles,Contact restaurant for groups.,,"Brazilian comfort food since 1991. All-day breakfast, feijoada. Daily 10am-9pm."
6,Atmosphere Mar Vista,Mar Vista,French-American,"Venice Blvd, Los Angeles, CA 90066",,,,,Contact restaurant for events.,,French American restaurant with new owner. Open sky outdoor location on Venice Blvd.
6,Electric Bleu,Mar Vista,Australian / Bistro,"3523 S Centinela Ave, Los Angeles, CA 90066",(424) 316-9416,,https://electricbleu.com,https://www.yelp.com/biz/electric-bleu-los-angeles-2,Contact restaurant.,,"Chef Craig Hopson (Perth native, Le Cirque NYC veteran). Australian-inflected bistro. Opened 2025. Named one of best new LA restaurants of 2025."
6,Versailles Cuban Food,Palms,Cuban,"10319 Venice Blvd, Los Angeles, CA 90034",(310) 558-3168,,https://www.versaillesrestaurant.com,https://www.yelp.com/biz/versailles-cuban-food-los-angeles-2,Contact restaurant for large parties.,,"LA Cuban institution since 1971. Famous garlic sauce, roast pork, roast chicken. Mon-Thu 11am-9pm, Fri-Sun til 10pm."
6,Madre Oaxacan Restaurant and Mezcaleria,Palms,Oaxacan / Mexican / Mezcal Bar,"10426 National Blvd, Los Angeles, CA 90034",(310) 559-4732,palmslocation@madrerestaurants.com,https://madrerestaurants.com/madre-palms/,https://www.yelp.com/biz/madre-oaxacan-restaurant-and-mezcaleria-los-angeles-6,Contact restaurant for private events and group dining.,,Oaxacan cuisine and extensive mezcal selection. Est. 2012. Happy Hour Mon-Fri 3-6pm. Free parking at Iman Center Fri-Sat 5-9pm.
6,Simpang Asia,Palms,Indonesian,"10433 National Blvd, Ste 2, Los Angeles, CA 90034",(310) 815-9075,,https://www.simpangasia.com,https://www.yelp.com/biz/simpang-asia-los-angeles,Contact restaurant for group dining.,,"Authentic Indonesian since 2002. Nasi Goreng, Rendang, Satay. Also has Mar Vista, Venice, and Culver City locations. Daily 11:30am-10pm."
6,Kotoya Ramen,Palms,Japanese / Ramen,"10422 National Blvd, Los Angeles, CA 90034",(424) 326-9149,,https://kotoya-la.com,https://www.yelp.com/biz/kotoya-ramen-los-angeles-8,Small venue - not recommended for parties of 4+.,Very small,Underrated Westside ramen. Excellent tonkotsu. Mostly takeout-oriented. Daily 11:30am-10pm.
6,Mee & Greet,Palms,Southeast Asian,"12608 W Washington Blvd, Ste B, Culver City, CA 90066",(310) 876-0838,,https://meeandgreet.com,https://www.yelp.com/biz/mee-and-greet-culver-city-2,Contact restaurant.,,Casual Southeast Asian spot and neighborhood hangout in Palms.
6,Lobster & Beer,Palms,Seafood / Casual,"3456 Motor Ave, Ste 101, Los Angeles, CA 90034",(424) 298-8106,,https://ilovelobsterandbeer.com,https://www.yelp.com/biz/lobster-and-beer-los-angeles-3,Contact restaurant.,,Popular casual seafood spot in the Palms area.
6,Tsujita LA Artisan Noodle,Sawtelle,Japanese / Ramen / Tsukemen,"2057 Sawtelle Blvd, Los Angeles, CA 90025",(310) 231-7373,,https://www.tsujita.com/sawtelle-la,https://www.yelp.com/biz/tsujita-la-artisan-noodle-los-angeles-2,Not typically available for private events.,,Sawtelle's most famous ramen. Signature tsukemen dip-style ramen. Branch of Tokyo's Nidaime Tsujita. Perpetual lines. Also has Annex across the street at 2050 Sawtelle.
6,Kojima,Sawtelle,Japanese / Omakase / Kappo,"2130 Sawtelle Blvd, Ste 211, Los Angeles, CA 90025",(424) 248-0116,,https://kojima-2130.square.site,https://www.yelp.com/biz/kojima-los-angeles,Very intimate space - potential for full buyout (8 seats). Contact restaurant.,8 seats,Chef Hayato Kojima. Michelin Bib Gourmand. 12-course kappo omakase $200. Walk-in $80 mini omakase at 5pm. Reservations via Tock. Closed Mondays.
6,The Mulberry,Sawtelle,Korean-American / Modern Bistro,"1800 Sawtelle Blvd, Los Angeles, CA 90025",(310) 598-5191,,https://www.themulberrylosangeles.com,https://www.yelp.com/biz/the-mulberry-los-angeles,Contact restaurant for group dining.,,"Modern Korean-American reimagining of neighborhood bistro. Alumni of Benu, Marea, Daniel, French Laundry. Reservations via Resy (released 3 weeks out). Walk-ins available at 5:30pm and after 8pm. Wed-Sun 5:30-9pm."
6,Hermanito,Sawtelle,Mexican / Bar-Forward,"2024 Sawtelle Blvd, Los Angeles, CA 90025",(424) 388-2585,,https://www.hermanitola.com,https://www.yelp.com/biz/hermanito-los-angeles,Great patio for group dining. Contact for private events.,,Bar-forward Mexican with housemade Sonoran tortillas. Japanese-influenced cocktails. One of West LA's best patios. 4.4 stars on OpenTable.
6,Nong La Vietnamese Cafe,Sawtelle,Vietnamese,"2055 Sawtelle Blvd, Los Angeles, CA 90025",(310) 268-1881,,https://www.nonglacafe.com,https://www.yelp.com/biz/nong-l%C3%A1-vietnamese-cafe-los-angeles-2,Contact restaurant for groups.,,"Family-run. Pho, banh mi, rice dishes. Free-range chicken, cage-free eggs, prime beef. Also has Culver City and La Brea locations."
6,Nanban-Kan,Sawtelle / West LA,Japanese / Yakitori / Izakaya,"11330 Santa Monica Blvd, Los Angeles, CA 90025",(310) 478-1591,,https://nanbankan.weeblyte.com,https://www.yelp.com/biz/nanban-kan-los-angeles-2,Contact restaurant. Reservations strongly recommended.,,Decades-old yakitori institution. Budget-friendly. Transports you to Japan. Reservations essential (often turned away without one).
6,Echigo Sushi,West LA,Japanese / Sushi,"12217 Santa Monica Blvd, Ste 201, Los Angeles, CA 90025",(310) 820-9787,,https://echigosushi.com,https://www.yelp.com/biz/echigo-los-angeles-2,Contact restaurant for groups.,,"Humble strip-mall sushi counter. High quality at reasonable prices. Fish hand-picked daily. Lunch & dinner Mon-Fri, dinner only Sat, closed Sun."
6,Tuk Tuk Thai,Sawtelle,Thai / Fusion,"1638 Sawtelle Blvd, Los Angeles, CA 90025",(213) 510-2319,,https://www.tuktukthailosangeles.com,https://www.yelp.com/biz/tuk-tuk-thai-los-angeles-2,Contact restaurant.,,"Thai-inspired with creative twists: wagyu laab burgers, pandan milkshakes, spice-dusted fries with curry ketchup."
6,Daikokuya (Sawtelle),Sawtelle,Japanese / Ramen,"2208 Sawtelle Blvd, Los Angeles, CA 90025",(310) 575-4999,,https://group.bishamon-ten.com/daikokuya/sawtelle/,https://www.yelp.com/biz/daikokuya-sawtelle-los-angeles,Not typically available.,,Sawtelle location of the famous Little Tokyo ramen shop.
6,Chinchikurin,Sawtelle,Japanese / Okonomiyaki,"2119 Sawtelle Blvd, Los Angeles, CA 90025",(310) 478-0521,,https://www.chinchikurin-usa.com,https://www.yelp.com/biz/chinchikurin-sawtelle-los-angeles-2,Contact restaurant.,,Japanese chain specializing in okonomiyaki (savory pancakes).
6,Tatsu Ramen,Sawtelle,Japanese / Ramen,"2123 Sawtelle Blvd, Los Angeles, CA 90025",(310) 684-2889,,https://tatsuramen.com/tatsu-ramen-sawtelle/,https://www.yelp.com/biz/tatsu-ramen-los-angeles,Not typically available.,,Customizable ramen bowls. Stands out among Sawtelle's many ramen joints.
6,Marugame Udon,Sawtelle,Japanese / Udon,"2029 Sawtelle Blvd, Los Angeles, CA 90025",(424) 317-2222,,https://www.marugameudon.com/locations/sawtelle/,https://www.yelp.com/biz/marugame-udon-los-angeles-9,Not typically available.,,Fresh hand-made udon noodles. Quick service. Part of Japanese chain.
6,Ippudo,Sawtelle (North End),Japanese / Ramen,"Sawtelle Blvd (north end), Los Angeles, CA 90025",,,,,Contact restaurant.,,Hakata-based chain. Lighter tonkotsu ramen. Northern end of Sawtelle.
6,Artelice Patisserie,Sawtelle,French / Bakery / Patisserie,"11301 W Olympic Blvd, Ste 123, Los Angeles, CA 90064",(424) 293-8846,,https://artelicela.com,https://www.yelp.com/biz/artelice-patisserie-los-angeles-2,Not available.,,"Upscale French pastries. Elaborate, glossy confections."
6,Coffee Tomo,Sawtelle,Korean-Japanese Coffee / Cafe,"11309 Mississippi Ave, Los Angeles, CA 90025",(310) 444-9390,,,https://www.yelp.com/biz/coffee-tomo-los-angeles,Not available.,,"Korean-Japanese inspired coffee shop. House-roasted coffee, honey butter bread, specialty pretzels."
6,Sonoritas Prime Tacos,Sawtelle,Mexican / Sonoran,"2004 Sawtelle Blvd, Los Angeles, CA 90025",(310) 444-9100,,https://www.sonoritastacos.com,https://www.yelp.com/biz/sonoritas-prime-tacos-los-angeles,Contact restaurant.,,Vibrant flavors from Mexico's Sonora region brought to Sawtelle.
6,Tigawok,Sawtelle,Chinese / Fast Casual,"2224 Sawtelle Blvd, Los Angeles, CA 90064",(424) 208-3308,,https://www.tigawok.com,https://www.yelp.com/biz/tigawok-los-angeles-69,Not available.,,Fast-casual with self-tumbling robot woks. Cheap and tasty.
6,Tasty Noodle House,West LA / Sawtelle,Chinese / Dumplings / Noodles,"2117 Sawtelle Blvd, Los Angeles, CA 90025",(424) 248-3232,,https://www.tastynoodlehouse.us,https://www.yelp.com/biz/tasty-noodle-house-los-angeles-13,Contact restaurant.,,SGV chain outpost. Solid dumplings and noodles without the wait.
6,Dan Modern Chinese,Sawtelle,Chinese / Modern,"2049 Sawtelle Blvd, Los Angeles, CA 90025",(310) 235-2089,,https://danmodernchinese.com,https://www.yelp.com/biz/dan-modern-chinese-los-angeles,Contact restaurant.,,Modern Chinese cuisine on Sawtelle.
6,Big Boi,Sawtelle,Filipino / Rice Plates,"2027 Sawtelle Blvd, Los Angeles, CA 90025",(424) 832-7199,,https://www.gobigboi.com,https://www.yelp.com/biz/big-boi-filipino-los-angeles-2,Not available.,,"Takeout-oriented Filipino rice and pancit combo plates. Pork sisig, chicken adobo, longganisa."
6,Sea Salt Poke,Sawtelle,Hawaiian / Poke,"11301 W Olympic Blvd #106, Los Angeles, CA 90064",(424) 293-0723,,https://www.seasaltpoke.com,https://www.yelp.com/biz/sea-salt-poke-los-angeles-3,Not available.,,"Fresh poke bowls with sauces, veggies, and fruits."
6,HoneyMee,Sawtelle,Ice Cream / Dessert,"11301 W Olympic Blvd, Ste 104, Los Angeles, CA 90064",(310) 473-0500,,https://honeymee.com,https://www.yelp.com/biz/honeymee-sawtelle-los-angeles,Not available.,,Ice cream with honeycomb.
6,Torisoba Sumiya,Sawtelle,Japanese / Ramen,"11301 W Olympic Blvd, Ste 101, Los Angeles, CA 90064",(424) 480-5585,,,https://www.yelp.com/biz/torisoba-sumiya-los-angeles-2,Contact restaurant.,,Cozy ramen shop specializing in char-grilled chicken ramen (tori paitan).
6,Ban Ban Burger,Sawtelle,Thai-Inspired / Burgers,"1644 Sawtelle Blvd #3149, Los Angeles, CA 90025",(424) 256-2388,hibanbanburger@gmail.com,https://banbanburger.com,https://www.yelp.com/biz/ban-ban-burger-los-angeles,Not available.,,Thai-inspired smashburgers on Sawtelle.
6,La La Rice,Sawtelle,Thai,"11688 Gateway Blvd, Los Angeles, CA 90064",(424) 832-3083,,https://www.lalarice.com,https://www.yelp.com/biz/lala-rice-thai-eatery-and-more-los-angeles-2,Not available.,,Kitschy Thai spot with solid takeout staples.
6,Seoul House of Tofu,Sawtelle,Korean / Tofu,"2101 Sawtelle Blvd, Los Angeles, CA 90025",(310) 444-9988,,https://www.seoulhouseoftofu.com,https://www.yelp.com/biz/seoul-house-of-tofu-los-angeles,Contact restaurant.,,Korean comfort food specializing in tofu stews.
6,Unetto,Sawtelle,Japanese-Italian / Pasta,"2047 Sawtelle Blvd, Los Angeles, CA 90025",(424) 293-8111,info@unetto.net,https://www.unetto.net,https://www.yelp.com/biz/unetto-tokyo-pasta-factory-los-angeles,Contact restaurant.,,Japanese-style pasta dishes on Sawtelle.
6,Tenkatori,Sawtelle,Japanese / Fried Chicken,"2130 Sawtelle Blvd, Ste 210B, Los Angeles, CA 90025",(310) 606-1002,tenkatoriwestla@gmail.com,https://www.tenkatoriwla.com,https://www.yelp.com/biz/tenkatori-los-angeles-5,Not available.,,"Japanese fried chicken chain. Quick, hearty lunch option."
6,Tiny's Hi-Dive,Sawtelle,American / Dive Bar,"12012 W Pico Blvd, Los Angeles, CA 90064",(424) 888-1388,info@tinyshidive.com,https://tinyshidive.com,https://www.yelp.com/biz/tinys-hi-dive-los-angeles,Contact for private events.,,Chicago-themed dive bar. Cold draft beers and solid bar food.
6,Mori Nozomi,Sawtelle / West LA,Japanese / Sushi / Omakase,"11500 W Pico Blvd, Los Angeles, CA 90064",(424) 273-1146,,https://www.morinozomi.com,https://www.yelp.com/biz/mori-nozomi-los-angeles,Contact restaurant.,,"Woman-led sushi restaurant. Elegant, nuanced omakase for serious sushi fans."
6,Asakura,Sawtelle,Japanese / Kaiseki,"11901 Santa Monica Blvd, Ste 111, Los Angeles, CA 90025",(310) 694-1180,info@asakura.la,https://asakura.la,https://www.yelp.com/biz/asakura-los-angeles,Very intimate. Potential buyout.,Very small,High-end kaiseki. Intimate and delicious.
6,Hide Sushi,Sawtelle / West LA,Japanese / Sushi,"2040 Sawtelle Blvd, Los Angeles, CA 90025",(310) 477-7242,,https://hidesushi.com,https://www.yelp.com/biz/hide-sushi-japanese-restaurant-los-angeles,Contact restaurant.,,Classic neighborhood sushi on Sawtelle.
6,YAKUN,Sawtelle,Japanese / Omakase,"2000 Sawtelle Blvd, Los Angeles, CA 90025",(213) 998-9888,yakun.losangeles@gmail.com,https://ya-kun.com,https://www.yelp.com/biz/yakun-los-angeles,Contact restaurant. Very small and intimate.,Small,New opening. 22-course tasting menu in four parts.
6,Menya TIGRE,Sawtelle,Japanese / Ramen,"2012 Sawtelle Blvd, Los Angeles, CA 90025",(310) 231-9290,,https://tigre-la.com,https://www.yelp.com/biz/menya-tigre-los-angeles-4,Not available.,,Newer ramen addition to Sawtelle.
6,Dong Ting Noodle,Sawtelle,Chinese / Hunan Noodles,"1947 Sawtelle Blvd, Ste C, Los Angeles, CA 90025",(310) 867-5937,,https://dongtingnoodle.com,https://www.yelp.com/biz/dong-ting-noodle-los-angeles,Contact restaurant.,,Hunan-style noodles. Known for beef noodle soup and dry chili beef noodles.
6,WADAYA,Sawtelle,Korean,"11555 W Olympic Blvd, Ste B, Los Angeles, CA 90064",(424) 371-5085,,https://wadaya.co,https://www.yelp.com/biz/wadaya-los-angeles,Contact restaurant.,,Korean dining on Sawtelle.
6,Kaz Soba,Sawtelle,Japanese / Soba,"2047 Sawtelle Blvd, Los Angeles, CA 90025",,,,,Contact restaurant.,,Soba noodle restaurant on Sawtelle.
6,Din Tai Fung,Century City (Westfield),Taiwanese / Dim Sum / Dumplings,"10250 Santa Monica Blvd, Ste 2400, Los Angeles, CA 90067",(424) 382-1118,,https://dtf.com/en-us/locations/los-angeles,https://www.yelp.com/biz/din-tai-fung-los-angeles-4,Private dining rooms available. Visit dtf.com/en-us/private-dining. Reservations for up to 6 online (30 days ahead). 7+ walk-in only.,Private rooms available,Most popular restaurant in Westfield Century City. Weekend waits up to 2 hours. Famous xiao long bao. Mon-Thu 11am-9:30pm.
6,Javier's Century City,Century City (Westfield),Elevated Mexican,"10250 Santa Monica Blvd, Los Angeles, CA 90067",(424) 313-8143,,https://www.javiersfinestfoods.com/century-city,https://www.yelp.com/biz/javiers-century-city-los-angeles,"Fully private room (14 guests, TV/AV), Marcos Room (semi-private with TV), Private dining table (20 guests), Patio (120 guests), Front Patio (40 standing).",14-120,"Hand-shaken margaritas, rare tequilas. 2-hour dining limit. 20% auto-gratuity for 6+. $20 min per person. 4.6 stars OpenTable."
6,Hinoki & the Bird,Century City,Asian Fusion / California / Silk Road,"10 W Century Dr, Los Angeles, CA 90067",(310) 552-1200,events@HinokiandtheBird.com,https://www.hinokiandthebird.com,https://www.yelp.com/biz/hinoki-and-the-bird-los-angeles,"Private dining room, patio (retractable roof, heated floors), or full restaurant buyout. Email events@HinokiandtheBird.com.",Full buyout available,Travel-inspired modern California cooking. Non-tipping (20% fee added). Valet $8 lunch / $10 dinner. Reservations via Resy. Closed Sun-Mon.
6,Terra at Eataly,Century City (Westfield),Italian / Wood-Fired Grill,"10250 Santa Monica Blvd, Los Angeles, CA 90067",(213) 310-8000,,https://www.eataly.com/us_en/stores/los-angeles/restaurants/la-terra,https://www.yelp.com/biz/terra-at-eataly-los-angeles,Two private dining rooms. Capacity 50-350 guests. Indoor-outdoor terrace lounge. Contact via Eataly website for events.,50-350,"Rooftop restaurant atop Eataly. Wood-burning Italian grill, Hollywood Hills views. 4.6 stars OpenTable. Reservations via Tock."
6,Super Peach by Momofuku,Century City (Westfield),Korean-American / Reimagined Diner,"10250 Santa Monica Blvd, Ste 1025, Los Angeles, CA 90067",(310) 421-8250,,https://www.momofuku.com/restaurants/super-peach,https://www.yelp.com/biz/super-peach-los-angeles,Contact restaurant for group dining and private events.,196 seats total,"David Chang's Momofuku concept. Korean Fried Chicken Wings, lobster noodles, Super Peach ribeye. Happy Hour Mon-Fri 3-6pm. Opened late 2025."
6,Casa Dani,Century City (Westfield),Spanish / Andalusian / Mediterranean,"10250 Santa Monica Blvd, Ste 1799, Los Angeles, CA 90067",(310) 361-8679,,https://www.sbe.com/restaurants/casa-dani/casa-dani-century-city/,https://www.yelp.com/biz/casa-dani-los-angeles,"Large venue (17,000 sq ft, 400 seats). Contact for private events and buyouts.",400 seats,"Michelin-recognized Chef Dani Garcia. Andalusian cuisine. Tapas happy hour $7/piece daily 5-6pm. Lunch 11:30am-3pm, Dinner 4:30-10pm."
6,Katsuya Century City,Century City (Westfield),Japanese / Sushi / Robata,"10250 Santa Monica Blvd, #1799, Los Angeles, CA 90067",(310) 564-0567,katsuyacenturycity@sbe.com,https://www.sbe.com/restaurants/katsuya/katsuya-century-city/,https://www.yelp.com/biz/katsuya-los-angeles-8,"17,000 sq ft space. Contact katsuyacenturycity@sbe.com for private events.","Large (17,000 sq ft)","Master Sushi Chef Katsuya Uechi. 4th LA location, 11th globally. Striking bar, open-air garden, refined dining room and patio."
6,Lumiere Brasserie,Century City (Fairmont Century Plaza),French / Modern American Brasserie,"2025 Avenue of the Stars, Los Angeles, CA 90067",(310) 424-3031,,https://www.lumierebrasserie.com,https://www.yelp.com/biz/lumi%C3%A8re-brasserie-los-angeles,"French garden outdoor area, brasserie, bar, patisserie. Contact hotel events team for private dining.",,"At Fairmont Century Plaza. Chef Ramon Bojorquez. Breakfast, lunch, dinner. Seasonal California-French cuisine. Vegan/GF options."
6,Meizhou Dongpo,Century City (Westfield),Chinese / Sichuan / Peking Duck,"10250 Santa Monica Blvd, Ste 200A, Los Angeles, CA 90067",(310) 788-0120,,https://www.meizhou.us.com/century-city,https://www.yelp.com/biz/meizhou-dongpo-restaurant-los-angeles,Contact restaurant for group dining and private rooms.,,"Beijing-based group with 100+ mainland China locations. Peking duck carved tableside, Dan Dan noodles, Dongpo Pork. Closed 3-4pm daily."
6,Haidilao Hot Pot,Century City (Westfield),Chinese / Sichuan Hot Pot,"10250 Santa Monica Blvd, Ste 2610, Los Angeles, CA 90067",(424) 382-1234,,https://haidilaounitedstates.com,https://www.yelp.com/biz/haidilao-hotpot-century-city-los-angeles,Private dining rooms available. Contact restaurant.,,"Sichuan hot pot with extensive condiment bar. Known for excellent service. Late night hours (til 11pm, midnight Fri-Sat). $30-$100/person."
6,Ramen Nagi,Century City (Westfield),Japanese / Ramen,"10250 Santa Monica Blvd, Ste 2850, Los Angeles, CA 90067",,,https://ramennagiusa.com,https://www.yelp.com/biz/ramen-nagi-los-angeles,Not available for private events.,,"Tokyo-born ramen shop. 24-hour simmered tonkotsu broth. No reservations. First LA outpost. Lunch 11am-2:30pm, Dinner 5-9pm."
6,True Food Kitchen,Century City (Westfield),American / Health-Forward,"10250 Santa Monica Blvd, Ste 1400, Los Angeles, CA 90067",(310) 736-4900,,https://www.truefoodkitchen.com/locations/la-centurycity/,https://www.yelp.com/biz/true-food-kitchen-los-angeles,"Private dining, catering, and group events available via website.",,"Seasonal, chef-crafted menu. Proudly sourced produce and proteins. Online ordering and catering available."
6,Sushi Zo (West LA),West LA,Japanese / Sushi / Omakase,"9824 National Blvd, Los Angeles, CA 90034",(310) 842-3977,,https://sushizo.us,https://www.yelp.com/biz/sushi-zo-west-los-angeles-los-angeles,Contact restaurant for buyout inquiries.,Small counter,High-end omakase in West LA near Palms border.
6,Utamaro Sushi Izakaya,West LA (Westdale),Japanese / Sushi / Izakaya,"Westdale neighborhood, West LA, Los Angeles, CA",,,,,Very new. Contact restaurant for details.,Small,"Very new izakaya by the chef behind Sushi Takeda. Okonomi nigiri, sashimi, rolls. Opened early 2026."
6,Hamasaku,West LA,Japanese / Sushi,"11043 Santa Monica Blvd, Los Angeles, CA 90025",(310) 479-7636,info@hamasakula.com,http://www.hamasakula.com,https://www.yelp.com/biz/hamasaku-los-angeles,Contact restaurant for private events.,,Creative sushi and Japanese cuisine on Santa Monica Blvd in West LA.
6,Izakaya Sasaya,West LA,Japanese / Izakaya,"11613 Santa Monica Blvd, Los Angeles, CA 90025",(310) 477-4404,,https://www.izakaya-sasaya.com,https://www.yelp.com/biz/izakaya-sasaya-los-angeles-6,Contact restaurant for group dining.,,Japanese izakaya in West LA.
6,The Manchester,Westchester (Lincoln Blvd),New American / Cocktail Bar,"8522 Lincoln Blvd, Los Angeles, CA 90045",(424) 541-7097,,https://www.themanchester.la,https://www.yelp.com/biz/the-manchester-los-angeles,Full venue available for private events. Parties of 11+ via Book a Party form on website. Listed on Tagvenue.,50-60,"Supper club-inspired. Curated nightly music. Near LAX, SoFi Stadium, Intuit Dome, The Forum. Tue-Wed 4-10pm, Thu-Sat 4pm-midnight, Sun 4-10pm."
6,Truxton's American Bistro,Westchester (Truxton Ave),New American / Comfort Food,"8611 Truxton Ave, Los Angeles, CA 90045",(310) 417-8789,,https://truxtonsamericanbistro.com,https://www.yelp.com/biz/truxtons-american-bistro-los-angeles,"Dedicated Private Dining Room (20-55 guests). Large-screen TV, HDMI, audio, wireless mic. Custom event menus. Full catering. Fundraiser program donates 15% of net proceeds.",55,Westchester anchor since 2006. Also does off-site catering.
6,Tomat,Westchester (87th St),Farm-to-Table California / Global,"6261 W 87th St, Los Angeles, CA 90045",(213) 548-6188,eventspace@tomat.la,https://www.tomat.la,https://www.yelp.com/biz/tomat-los-angeles,"Three-story venue. Second floor event space with second kitchen (50 guests). Rooftop terrace with 1,500 sq ft garden. Ground floor also rentable.",50+ (event floor) plus rooftop,Michelin Guide recognized. Husband-wife owners. Persian/British/California influences. Opened 2024.
6,Cinco,Westchester (Manchester Ave),Oaxacan-Inspired Mexican,"7241 W Manchester Ave, Los Angeles, CA 90045",(310) 910-0895,catering@cincola.com,https://www.cincola.com,https://www.yelp.com/biz/cinco-los-angeles,Inside Space seats 80 with bar and sound system. Outdoor patio. Full venue buyout up to 100. $30-$45/person for events.,100,Industrial warehouse-style. Entrees mostly under $15. Extensive agave spirits and whiskies.
6,Melody Bar & Grill,Westchester (Sepulveda Blvd),American / Bar & Grill,"9132 S Sepulveda Blvd, Los Angeles, CA 90045",(310) 670-1994,,https://www.melodylax.com,https://www.yelp.com/biz/melody-bar-and-grill-los-angeles,"Private dining room. Hosts parties, team celebrations, fundraisers. Live entertainment venue.",75-100,"Landmark since 1952. Midcentury decor with amber chandeliers and copper ceilings. Live DJs, karaoke, trivia."
6,Ayara Thai Cuisine,Westchester (87th St),Thai,"6245 W 87th St, Los Angeles, CA 90045",(310) 410-8848,,https://ayarathai.com,https://www.yelp.com/biz/ayara-thai-cuisine-los-angeles,Accommodating for celebrations. Indoor and outdoor patio. Contact directly for groups.,40-50,Michelin Bib Gourmand 2019. Michelin Guide 2020-2025. Family-owned since 2004. The Infatuation's favorite Thai on the Westside.
6,Alejo's Presto Trattoria,Westchester (Lincoln Blvd),Italian / Northern Italian,"8343 Lincoln Blvd, Los Angeles, CA 90045",(310) 670-6677,apminfo@alejosrestaurant.com,https://www.alejosrestaurant.com,https://www.yelp.com/biz/alejos-italian-restaurant-los-angeles,Indoor and outdoor covered private dining. Cozy family gatherings.,50-60,Serving since 1991. Hand-made pastas. Family-sized portions at great prices. 30+ year institution.
6,Pann's Restaurant,Westchester (La Tijera Blvd),Classic American / Diner,"6710 La Tijera Blvd, Los Angeles, CA 90045",(323) 776-3770,,https://panns.com,https://www.yelp.com/biz/panns-restaurant-los-angeles,Special packages for larger groups. Community holiday events. Catering available.,60-80,LA landmark since 1958. Iconic Googie architecture (LA Historic-Cultural Monument). Famous breakfast and fried chicken.
6,Kebab Bar,Westchester (Sepulveda Blvd),Persian / Mediterranean,"8730 S Sepulveda Blvd, Los Angeles, CA 90045",(424) 800-2626,,https://kebab-bar.com,https://www.yelp.com/biz/kebab-bar-los-angeles,"Catering for birthday parties, rehearsal dinners, corporate events.",30-40,Four-generation Shirvani family recipes. Fresh authentic Persian cuisine. Locally sourced.
6,Kanpai Japanese Sushi Bar & Grill,Westchester (Sepulveda Blvd),Japanese / Sushi,"8736 S Sepulveda Blvd, Los Angeles, CA 90045",(310) 670-0533,,https://kanpai-sushi.net,https://www.yelp.com/biz/kanpai-japanese-sushi-bar-grill-los-angeles,Contact directly for groups and private dining. Intimate sushi bar setting.,40-50,Neighborhood sushi bar. Takes reservations.
6,HiroNori Craft Ramen,Westchester (Lincoln Blvd),Japanese / Ramen,"8321 Lincoln Blvd, Los Angeles, CA 90045",(424) 541-7009,,https://hironori.com/westchester,https://www.yelp.com/biz/hironori-craft-ramen-los-angeles-4,Contact for group dining.,,Michelin Guide listed 2019-2023. Cashless venue. Rich tonkotsu and vegan broths.
6,Aliki's Greek Taverna,Westchester (Arbor Vitae St),Greek,"5862 Arbor Vitae St, Los Angeles, CA 90045",(310) 645-9555,,,https://www.yelp.com/biz/alikis-greek-taverna-los-angeles,Accommodates large groups. Contact in advance. Adjacent parking lot.,40-50,Imports directly from Greece. 30+ years serving the community.
6,Benny's Tacos & Rotisserie Chicken,Westchester (Manchester Ave),Mexican,"7101 W Manchester Ave, Los Angeles, CA 90045",(310) 670-8227,,https://bennystacos.com,https://www.yelp.com/biz/bennys-tacos-and-rotisserie-chicken-los-angeles,"Full catering for 15 to 1,500 guests. Platters to full-service.","Catering up to 1,500",Featured on Food Network's America's Best Bites.
6,Caravan Swim Club at Hotel June,Westchester (Lincoln Blvd),Baja California,"8639 Lincoln Blvd, Los Angeles, CA 90045",(310) 491-6646,,https://www.thehoteljune.com/west-los-angeles/caravan-swim-club/,https://www.yelp.com/biz/caravan-swim-club-los-angeles,"Pool Deck (200 capacity). Event Deck (200 capacity). Pricing from $3,000. Full hotel event coordination.",200,Boutique hotel setting. Scenic terrace and pool deck. Ideal for corporate retreats and social celebrations.
6,Lucky Strike Los Angeles,Westchester (Lincoln Blvd),American / Entertainment Venue,"8731 Lincoln Blvd, Los Angeles, CA 90045",(310) 670-0688,,https://www.luckystrikeent.com/location/lucky-strike-los-angeles,https://www.yelp.com/biz/lucky-strike-los-angeles-los-angeles,Multiple event spaces. 32 lanes. Customizable food/bar packages. 15% off first private event for new clients.,200+,Bowling + dining + arcade. Great for large corporate and social events.
6,The Meeting Spot,Inglewood (Hollywood Park),American / California,"1231 S District Dr, Inglewood, CA 90303",(855) 684-7768,,https://www.themtgspot.com,https://www.yelp.com/biz/the-meeting-spot-inglewood,160-seat outdoor patio. Contact for private arrangements.,160,"At Hollywood Park / Shops. Steps from SoFi, Intuit Dome, YouTube Theater, Kia Forum. Opened 2024."
6,Cork & Batter,Inglewood (Century Blvd),American / BBQ / Rooftop Bar,"3900 W Century Blvd, Inglewood, CA 90303",(424) 702-5237,events@corkandbatter.com,https://corkandbatter.com,https://www.yelp.com/biz/cork-and-batter-inglewood,Restaurant + rooftop bar + event venue. Semi-private area with dedicated bar. Wedding receptions available.,100-150,Steps from SoFi/Forum/Intuit Dome. Verify current branding before booking (may have rebranded).
6,Six Seven Five Lounge,Inglewood (La Brea Ave),American Bistro / Jazz Lounge,"675 S La Brea Ave, Inglewood, CA 90301",(310) 431-4844,,https://www.sixsevenfive.com,https://www.yelp.com/biz/six-seven-five-inglewood,Private party bookings. Lounge setting. Call ahead for arrangements.,50-60,Live Jazz and R&B. Elevated scratch kitchen. Business casual dress code. Near SoFi.
6,SOL Mexican Cocina,Playa Vista (Runway),Baja Mexican / Coastal Mexican,"12775 Millennium Dr, Unit 160, Playa Vista, CA 90094",(424) 289-0066,,https://solcocina.com/locations/playa-vista/,https://www.yelp.com/biz/sol-mexican-cocina-playa-vista-2,"Barrel Room for smaller gatherings. Private dining room for large groups. Patios and semi-private areas. Customizable menus (buffet, family-style, coursed). Private bars, A/V support. Private Events line: 1-888-TORTILLA.",Up to 300,"Premier private events venue in Playa Vista. Taco Bars, Fajita Bars, Enchilada Bars for catering. Tequila tasting dinners available."
6,Joliet Cafe & Bar,Playa Vista (Runway / Free Market),Italian-inspired Bistro / Speakeasy,"12751 Millennium Dr, Ste 5-165, Playa Vista, CA 90094",(213) 286-2675,info@jolietplaya.com,https://www.jolietplaya.com,https://www.yelp.com/biz/joliet-restaurant-and-bar-playa-vista,"Catering and private events. Secret dining room and atmospheric jungle room. Hosted 50-person dinner events. Private room, bar/lounge, patio, late-night service.",~50,"Cafe by day, speakeasy by night inside Free Market. Great for cocktail-focused events."
6,Superfine Playa,Playa Vista (Runway),California-Italian Osteria,"12746 Jefferson Blvd, Ste 2200, Playa Vista, CA 90094",(626) 628-0218,,https://superfineplaya.com,https://www.yelp.com/biz/superfine-pizza-and-bar-playa-vista,"Perfect for special events. Listed on The Vendry. House-made pastas, wood-grilled meats, craft cocktails.",86 indoor + 40 patio (126 total),Chef Steve Samson (also of Rossoblu). Redesigned by JoyPop Studio. Weekend brunch and happy hour.
6,PV House Restaurant & Sports Lounge,Playa Vista (Runway),American / Sports Bar,"12751 Millennium Dr, Suite 140, Playa Vista, CA 90094",(424) 500-8229,,https://pvhousela.com,https://www.yelp.com/biz/p-v-house-playa-vista,30 TVs throughout. Ideal for sports viewing parties and game-day events. Dog-friendly patio. Contact for private events.,,"Founded by Chris Sessa (Gladstone's, Paradise Cove) and Frank Agnone (EP of South Park). Happy Hour Mon-Fri 3-5:30pm."
6,LOQUI,Playa Vista (Runway / Free Market),Mexican Taqueria,"12751 Millennium Dr, #145, Playa Vista, CA 90094",(213) 510-2900,,https://www.eatloqui.com,https://www.yelp.com/biz/loqui-playa-vista,Catering throughout LA. Good for groups with spacious outdoor patio.,Catering for any size,Scratch-made flour tortillas. Mexican craft beer. Multiple LA locations.
6,HomeState,Playa Vista (Waterfront Dr),Tex-Mex / Texas Kitchen,"12105 E Waterfront Dr, Ste B, Los Angeles, CA 90094",(213) 296-2383,,https://www.myhomestate.com,https://www.yelp.com/biz/homestate-los-angeles-8,Partial or full buyout for private events and filming. Requires 2 weeks advance notice. Catering with 2 days notice.,Full buyout available,"Legendary breakfast tacos, queso, brisket. Supports local schools and non-profits. Multiple SoCal locations."
6,Bacari PDR,Playa del Rey (Vista Del Mar),Venetian Small Plates / Mediterranean,"6805 Vista Del Mar Ln, Playa Del Rey, CA 90293",(310) 439-2100,,https://www.eatwithbacari.com/playa-del-rey,https://www.yelp.com/biz/bacari-pdr-playa-del-rey-2,Dedicated special events team. Events page: eatwithbacari.com/pdr-events. Indoor patio and spacious outdoor patio. 90-minute open bar special. Also on Perfect Venue.,,One block from the beach. Chef Lior Hillel. Kronfli Brothers family-owned. Events phone: (323) 986-6763.
6,Playa Provisions,Playa del Rey (Culver Blvd),New American / Seafood / California Coastal,"119 Culver Blvd, Los Angeles, CA 90293",(310) 683-5019,info@playaprovisions.com,https://www.playaprovisions.com,https://www.yelp.com/biz/playa-provisions-los-angeles-5,"Full restaurant buyout up to 90 guests. Parties of 15 or fewer welcome without set menu. Baby showers, brunches, celebrations. 7,000 sq ft venue with multiple spaces.",Up to 90 (buyout),"Top Chef winner Brooke Williamson and Nick Roberts. Four concepts: Dockside, King Beach, Small Batch, Grain. Corkage $15/bottle. $5 valet."
6,Cantalini's Salerno Beach,Playa del Rey (Culver Blvd),Traditional Italian,"193 Culver Blvd, Playa Del Rey, CA 90293",(310) 821-0018,catering@cantalinis.com,https://salernobeach.com,https://www.yelp.com/biz/cantalinis-salerno-beach-restaurant-playa-del-rey-3,"Restaurant available for private parties. Off-site catering for homes, offices, other venues. Ask for Lisa.",,"Cornerstone of PDR. Italian-born family. Homemade ravioli, veal parmigiana, garlic gnocchi, hand-tossed pizza."
6,Caffe Pinguini,Playa del Rey (Pacific Ave),Authentic Italian,"6935 Pacific Ave, Playa Del Rey, CA 90293",(310) 306-0117,,https://caffepinguini.com,https://www.yelp.com/biz/caffe-pinguini-italian-restaurant-los-angeles,Bespoke events for parties of 8 or more. Buffet and full dining experience catering.,,Named most romantic restaurant in PDR by OpenTable. Owner Tony is from Rome. Operating since 1997. Right by the beach.
6,The Shack,Playa del Rey (Culver Blvd),American / Sports Bar,"185 Culver Blvd, Playa Del Rey, CA 90293",(310) 823-6222,,https://theshackpdr.com,https://www.yelp.com/biz/the-shack-playa-del-rey,Accommodates parties of 8+. Contact via phone or website party request form.,,Original owners since 1972. Dog-friendly patio. Full bar. Karaoke nights. Closed Mondays.
6,Hacienda Playa,Playa del Rey (Pershing Dr),Mexican,"8415 Pershing Dr, Playa Del Rey, CA 90293",(310) 751-6135,haciendaplayacatering@gmail.com,https://haciendafamily.com/haciendaplaya,https://www.yelp.com/biz/hacienda-playa-playa-del-rey,"Catering available. Services Westchester, Del Rey, Venice, Mar Vista, Culver City, El Segundo, Manhattan Beach. Catering line: (310) 895-4365.",,Family-run since 1973. Happy hour daily until 6pm. Karaoke Saturdays 9pm-12am. Vegan options.
6,Mo's Place,Playa del Rey (Culver Blvd),American / Sports Bar / Cocktail Bar,"203 Culver Blvd, Playa Del Rey, CA 90293",(310) 822-6422,,https://mosplacepdr.com,https://www.yelp.com/biz/mos-place-playa-del-rey,Listed as Restaurant / Private Dining venue. Indoor and outdoor patio space for parties and events.,,"Neighborhood gem since 1995. Voted Best Sports Bar on the Westside. 12+ screens. Trivia, DJs, live music."
6,Sushi Beluga,Playa del Rey (Culver Blvd),Japanese / Sushi,"207 Culver Blvd, Playa Del Rey, CA 90293",(424) 228-4573,,https://www.sushibeluga.com,https://www.yelp.com/biz/sushi-beluga-playa-del-rey-2,Catering available. Contact via phone.,,Modern twist on traditional Japanese. Also has a Long Beach location.
6,Petros Kafe,Playa del Rey (Culver Blvd),Greek / Mediterranean,"427 Culver Blvd, Playa Del Rey, CA 90293",(424) 228-4212,info@petrosbrand.com,https://www.petrosbrand.com/locations/petros-kafe,https://www.yelp.com/biz/petros-kafe-los-angeles,Customized options for banquets and private parties. Larger groups in dining room or patio. Also has food truck for catering.,,Greek-inspired dishes. Closed Mondays. Tue-Sun 8am-7pm.
6,The Warehouse Restaurant,Marina del Rey (Admiralty Way),Seafood / Steaks / Polynesian-themed,"4499 Admiralty Way, Marina del Rey, CA 90292",(310) 823-5451,,https://www.mdrwarehouse.com,https://www.yelp.com/biz/the-warehouse-restaurant-marina-del-rey-2,Outdoor patio (up to 80). Loft (up to 175). Main dining room (smaller parties). Full restaurant buyout available.,Up to 350 total,Open since 1969. Tropical Polynesian-themed waterfront. Salsa dancing Fridays. Comedy shows Mondays.
6,Whiskey Red's,Marina del Rey (Fiji Way),New American / Seafood,"13813 Fiji Way, Marina del Rey, CA 90292",(310) 823-4522,events@srcmail.com,https://www.whiskeyreds.com,https://www.yelp.com/biz/whiskey-red-s-marina-del-rey-2,"Ballroom, indoor/outdoor event spaces, private patio, gazebo. Marina Room seats up to 60. Partners with SRC Event Group. 15,000 sq ft total.",20-200+ (seating 180 / standing 200),"Family-owned. Fisherman's Village. Largest patio in the marina. Fire-side dining, koi fish ponds, waterfalls, 180-degree harbor views."
6,SALT Restaurant & Bar,Marina del Rey (Bali Way),California Coastal / New American,"13534 Bali Way, Marina del Rey, CA 90292",(424) 289-8223,mrosado@marinadelreyhotel.com,https://www.saltmdr.com,https://www.yelp.com/biz/salt-restaurant-and-bar-marina-del-rey,"Full or partial buyout of SALT and Del Rey Lounge. Private waterfront dining room (up to 12). 3,500 sq ft event lawn with panoramic harbor views. Events phone: (424) 289-8213.","9,700 sq ft total event space",At Marina del Rey Hotel. Seasonal/local from farmers markets.
6,Beachside Restaurant & Bar,Marina del Rey (Admiralty Way),California Coastal / Latin-Global,"4175 Admiralty Way, Marina del Rey, CA 90292",(310) 439-3033,sgafurova@jamaicabayinn.com,https://www.beachsidemdr.com,https://www.yelp.com/biz/beachside-restaurant-and-bar-marina-del-rey-2,"Small boardroom. Two banquet rooms overlooking the marina. Patio on Mother's Beach. On-site catering for corporate meetings, social gatherings, weddings.",Multiple room configurations,At Jamaica Bay Inn (Tapestry by Hilton). Dog-friendly. Live music Thu-Fri 6-9pm.
6,Somerville,Windsor Hills (Slauson Ave),Progressive American / Contemporary Steakhouse,"4437 W Slauson Ave, Windsor Hills, CA 90043",,,https://www.somervilleslauson.com,https://www.yelp.com/biz/somerville-los-angeles,"Private parties with four-course prix fixe menu starting at $155/guest, served family-style. Reserve a wing of tables or inquire about full buyouts via Special Events form.",,"Co-owned by Hilltop Coffee's Yonnie Hagos, Ajay Relan, and Issa Rae. Live jazz and delta blues Wed-Sun. Dress code enforced."
6,Sunday Gravy,Inglewood (Centinela Ave),Italian (Fresh Handmade Pasta),"1122 Centinela Ave, Inglewood, CA 90302",(424) 227-6500,,https://eatsundaygravy.com,https://www.yelp.com/biz/sunday-gravy-inglewood-2,Full restaurant buyouts any day. Dining rooms seat up to 40. Entire property can host 100+. Catering for events up to 600 guests.,40 (dining rooms) / 100+ (property) / 600 (catering),"Corporate clients include USC Football, LA Clippers, LA Rams, Amazon Studios. Family legacy since 1970."
6,Jon & Vinny's (Slauson),Windsor Hills (Slauson Ave),Italian American,"4400 W Slauson Ave, Windsor Hills, CA 90043",(323) 609-4688,,https://www.jonandvinnys.com,https://www.yelp.com/biz/jon-and-vinnys-slauson-windsor-hills,Contact restaurant for group bookings and event inquiries. Outdoor seating and on-site parking.,,"First South LA location. Part of Joint Venture Restaurant Group. All-day dining: breakfast, lunch, dinner."
6,Dulan's on Crenshaw,Ladera Heights (Crenshaw Blvd),Soul Food / Southern,"4859 Crenshaw Blvd, Los Angeles, CA 90043",(323) 296-3034,,https://dulansoulfood.com,https://www.yelp.com/biz/dulans-on-crenshaw-los-angeles,"Restaurant, banquet hall, and full-service catering. Pre-event planning, walk-throughs, rental equipment, site layout. Southern-style buffet standard; plated meals available. Delivery for $500+.",Banquet hall,Legacy of the Dulan family (also founded Aunt Kizzy's Back Porch). Over 50 years in the food business.
6,Two Hommes,Inglewood (La Brea Ave),Afro-Centric / West African Fusion,"902 N La Brea Ave, Inglewood, CA 90302",(424) 577-5242,,https://twohommes.com,https://www.yelp.com/biz/two-homm%C3%A9s-inglewood-3,"Contact for group arrangements. Bar/lounge, cocktails, entertainment, late-night dining.",,Created by Marcus Yaw and Abdoulaye Balde. Started as street taco concept (2020). Permanent location 2022.
6,The Serving Spoon,Inglewood (Centinela Ave),Soul Food / Breakfast & Brunch,"1403 Centinela Ave, Inglewood, CA 90302",(310) 412-3927,,https://theservingspoon.net,https://www.yelp.com/biz/the-serving-spoon-inglewood,"Handles large crowds, early meetings, family reunions. Contact directly for private events.",,"Founded 1983. Catfish, grits, omelettes, oxtails, short ribs, mac and cheese. 70K+ Instagram followers."
6,Compari's Trattoria Pizzeria,Westchester (Centinela Ave),Northern Italian / Trattoria,"5490 W Centinela Ave, Los Angeles, CA 90045",(310) 670-8122,,https://comparisitalian.com,https://www.yelp.com/biz/comparis-los-angeles,Contact directly for private event inquiries.,,Traditional Italian since 1960. Fresh ingredients. Tue-Sun lunch and dinner.
6,Simply Wholesome,Windsor Hills (Slauson Ave),Caribbean / Health Food / Vegan,"4508 W Slauson Ave, View Park-Windsor Hills, CA 90043",(323) 294-2144,,https://simplywholesome.com,https://www.yelp.com/biz/simply-wholesome-los-angeles,Catering: 4-5 business days advance notice. 15% service fee on orders over $100. Large chafers feed 20-30; small feed 10-15.,Catering for 10-30+,"Black-owned since 1984. Also a health food store. Tue-Sat 9am-9pm, Sun 9am-8pm."
6,A Family Affair Southern Cuisine,Windsor Hills (Slauson Ave),Southern / Soul Food,"3753 W Slauson Ave, Windsor Hills, CA 90043",(323) 523-9967,,https://afamilyaffairsoutherncuisine.com,https://www.yelp.com/biz/a-family-affair-southern-cuisine-windsor-hills,"Event catering throughout Los Angeles. Oxtails, fried catfish, mac and cheese, blackened salmon, turkey chops.",Catering,Black and women-owned. First location opened 2021 in Westchester.
6,Bayou Grille,Inglewood (La Brea Ave),Cajun / Creole / New Orleans,"1400 N La Brea Ave, Inglewood, CA 90302",(310) 673-0824,,https://www.bayougrille.net,https://www.yelp.com/biz/bayou-grille-inglewood,Dining room for private events. Mardi Gras-themed decor throughout.,35-40,"Black-owned. Signature fried catfish, jambalaya, crawfish tails."
7,Park's BBQ,Koreatown,Korean BBQ,"955 S Vermont Ave, Los Angeles, CA 90006",(213) 380-1717,,https://parksbbq.com/,https://www.yelp.com/biz/parks-bbq-los-angeles,Contact directly at (213) 380-1717; no formal private dining program advertised,,Michelin Guide recognized. LA Times Food Hall of Fame 2023. Gold standard for Korean BBQ in LA.
7,Hae Jang Chon Korean BBQ,Koreatown,Korean BBQ (AYCE),"3821 W 6th St, Los Angeles, CA 90020",(213) 389-8777,,https://www.haejangchon.com/,https://www.yelp.com/biz/hae-jang-chon-los-angeles-2,No formal private rooms; good for large groups,Large restaurant,Established 2002. AYCE pricing: Lunch $29.99-$37.99; Dinner $43.99.
7,Genwa Korean BBQ,Mid-Wilshire,Korean BBQ (upscale),"5115 Wilshire Blvd, Los Angeles, CA 90036",(323) 549-0760,,https://www.menugenwa.com,https://www.yelp.com/biz/genwa-korean-bbq-mid-wilshire-los-angeles,Recommended for group dining; contact directly,,Multiple locations (DTLA
7,Chosun Galbee,Koreatown,Korean BBQ,"3330 W Olympic Blvd, Los Angeles, CA 90019",(323) 734-3330,,https://www.chosungalbee.com/,https://www.yelp.com/biz/chosun-galbee-los-angeles,Contact directly,,Serving authentic Korean BBQ for over two decades.
7,Kang Ho Dong Baekjeong,Koreatown,Korean BBQ,"3465 W 6th St, Ste 20, Los Angeles, CA 90020",(213) 384-9678,,https://www.baekjeongkbbq.com/,https://www.yelp.com/biz/kang-ho-dong-baekjeong-los-angeles,Contact directly; accommodates groups,Large restaurant,Named after Korean celebrity Kang Ho Dong.
7,Soot Bull Jip,Koreatown,Korean BBQ (charcoal),"3136 W 8th St, Los Angeles, CA 90005",(213) 387-3865,,,https://www.yelp.com/biz/soot-bull-jip-los-angeles,None advertised,Small/medium,One of the only KBBQ spots using real charcoal grills. Cash-only.
7,Quarters Korean BBQ,Koreatown,Korean BBQ,"3465 W 6th St, Los Angeles, CA 90020",(213) 365-4282,,https://www.quarterskoreanbbq.com/,https://www.yelp.com/biz/quarters-korean-bbq-los-angeles,Contact directly,,Top-rated on Yelp for KBBQ in Koreatown.
7,Soowon Galbi KBBQ,Koreatown,Korean BBQ,"856 S Vermont Ave, Los Angeles, CA 90005",(213) 365-9292,,https://soowongalbi.com/,https://www.yelp.com/biz/soowon-galbi-kbbq-restaurant-los-angeles-2,Contact directly,,Specializes in beef cuts. Authentic grill experience.
7,Ahgassi Gopchang,Koreatown,Korean BBQ (offal/intestines),"3454 W 6th St, Los Angeles, CA 90020",(213) 380-6482,,,https://www.yelp.com/biz/ahgassi-gopchang-los-angeles,Contact directly,Massive space,Name-checked by BTS. Specializes in roasted beef intestines. Open until 1am weekends.
7,Kobawoo House,Koreatown,Korean (bossam),"698 S Vermont Ave, Ste 109, Los Angeles, CA 90005",(213) 389-7300,,https://kobawoola.com/,https://www.yelp.com/biz/kobawoo-house-los-angeles-2,Contact directly,,Open since 1985. Koreatown staple famous for bossam.
7,Soban,Koreatown,Korean (banchan),"4001 W Olympic Blvd, Los Angeles, CA 90019",(323) 936-9106,,https://www.sobanla.com/,https://www.yelp.com/biz/soban-los-angeles-2,Contact directly,,Famous for 16 banchan and slow-braised black cod. Jonathan Gold's 101; Michelin Guide.
7,Gebang Sikdang,Koreatown,Korean (raw crab),"3121 W Olympic Blvd, Ste 103, Los Angeles, CA 90006",(213) 674-7244,,https://visitkoreatown.org/gebang-sikdang/,https://www.yelp.com/biz/gebang-sikdang-los-angeles,Contact directly,,Chain from Seoul specializing in gejang (raw crab).
7,Sun Nong Dan,Koreatown,Korean (braised short rib soup),"710 S Western Ave, Los Angeles, CA 90005",(213) 264-3303,,https://sunnongdanusa.com/,https://www.yelp.com/biz/sun-nong-dan-los-angeles-5,Contact directly,,Famous for galbi jjim tang. Additional locations in Sawtelle and Rowland Heights.
7,Guelaguetza,Koreatown,Oaxacan Mexican,"3014 W Olympic Blvd, Los Angeles, CA 90006",(213) 427-0608,events@ilovemole.com,https://www.ilovemole.com/,https://www.yelp.com/biz/guelaguetza-restaurante-los-angeles,Yes -- banquet and private event facilities; email events@ilovemole.com,Up to 85 for private events,James Beard Award winner. Established 1994. Six varieties of mole. Michelin Guide listed.
7,The Prince,Koreatown,Korean-American / Bar,"3198 W 7th St, Los Angeles, CA 90005",(213) 389-1586,,,https://www.yelp.com/biz/the-prince-los-angeles,Contact directly; popular filming location,Medium,Iconic red interior featured in Mad Men and New Girl. Unchanged since the 1970s.
7,Antico Nuovo,Koreatown,Italian (upscale pasta),"4653 Beverly Blvd, Los Angeles, CA 90004",(323) 510-3093,,https://www.anticonuovo-la.com/,https://www.yelp.com/biz/antico-nuovo-los-angeles,Banquet table for up to 12; full buyout seats up to 54,54 max (full buyout),Intimate neighborhood Italian spot that is secretly a luxurious pasta palace.
7,Openaire (The LINE Hotel),Koreatown,Californian,"3515 Wilshire Blvd, Los Angeles, CA 90010",(213) 381-7411,,https://www.thelinehotel.com/los-angeles/restaurants-bars/,https://www.yelp.com/biz/openaire-los-angeles,Yes -- variety of event spaces for all sizes,Varies,By two-Michelin star chef Josiah Citrin. Poolside oasis. Seasonal Californian cuisine.
7,Republique,Mid-Wilshire / Miracle Mile,French-inspired,"624 S La Brea Ave, Los Angeles, CA 90036",(310) 362-6115,events@republiquela.com,https://republiquela.com/,https://www.yelp.com/biz/republique-los-angeles,Yes -- Kitchen Tables (32); Dining Room (70 seated/80 standing); Patio (65 seated/100 standing); Mezzanine (30 seated/45 standing); Alcove (8); Full Buyout,Varies by space; full buyout available,Historic 1929 building built by Charlie Chaplin. By Chefs Walter & Margarita Manzke.
7,Fanny's (Academy Museum),Mid-Wilshire,Californian / American,"6067 Wilshire Blvd, Los Angeles, CA 90036",(323) 930-3080,events@fannysla.com / info@fannysla.com,https://fannysla.com/,https://www.yelp.com/biz/fannys-los-angeles,Yes -- Cozy Nook (8); Mezzanine (overlooks dining); Corner Room (38 seated/50 standing); Chef's Table (24); Patio (38 seated/80 standing); Full Buyout (175 seated/300 standing); Museum Top Floor (600),175 seated/300 standing buyout; 600 museum,Named after Fanny Brice. 10000 sq ft. Wolfgang Puck catering for events.
7,Descanso,Mid-Wilshire,Modern Mexican,"5773 Wilshire Blvd, Los Angeles, CA 90036",(213) 672-2444,info@descansorestaurantla.com,https://www.descansorestaurantla.com/,https://www.yelp.com/biz/descanso-restaurant-los-angeles-2,Yes -- 9000 sq ft venue; two outdoor patios; Plancha Room; up to 500 guests,250 regular; up to 500 for events,First plancha-style Mexican restaurant of its kind.
7,M Grill Brazilian Steakhouse,Mid-Wilshire,Brazilian Steakhouse,"3832 Wilshire Blvd, Los Angeles, CA 90010",(213) 772-6384,,https://m-grill.com/,https://www.yelp.com/biz/m-grill-los-angeles,Yes -- Champagne Room for up to 20 guests with 75in TV ($120+/person),Champagne Room: 20,Near Wiltern Theatre. Continuous tableside meat service. Award-winning wine list.
7,Osteria Mozza,Hancock Park,Italian (fine dining),"6602 Melrose Ave, Los Angeles, CA 90038",(323) 297-0100,reservations@mozza-la.com / events@mozza-la.com,https://www.osteriamozza.com/,https://www.yelp.com/biz/osteria-mozza-los-angeles,Yes -- Primo Ministro Room (30); Partial buyout (48 seated); Full buyout (150 seated/200 standing),150 seated / 200 standing (full buyout),By Nancy Silverton. Michelin-starred. Famous mozzarella bar.
7,Pizzeria Mozza,Hancock Park,Italian (pizza/pasta),"641 N Highland Ave, Los Angeles, CA 90036",(323) 297-0101,events@mozza-la.com,https://www.pizzeriamozza.com/,https://www.yelp.com/biz/pizzeria-mozza-los-angeles-4,Yes -- Jack Warner Room (20); Outdoor (50 seated),20 (private room) / 50 (outdoor),By Nancy Silverton. Max party size of 6 for regular dining.
7,Chi Spacca,Hancock Park,Italian (meat-focused),"6610 Melrose Ave, Los Angeles, CA 90038",(323) 297-0100,events@mozza-la.com,https://www.chispacca.com/,https://www.yelp.com/biz/chi-spacca-los-angeles,Yes -- up to 20 at one long table; up to 36 seated; up to 50 standing,36 seated / 50 standing,Part of Mozza restaurant group.
7,Petit Trois L'Original,Hancock Park,French Bistro,"718 N Highland Ave, Los Angeles, CA 90038",(323) 468-8916,events@petittrois.com,https://www.petittrois.com/,https://www.yelp.com/biz/petit-trois-los-angeles-16,Yes -- private room available; events@petittrois.com or (213) 373-8007,21 counter seats in main; private room TBD,By chef Ludo Lefebvre. James Beard nominated. Bib Gourmand.
7,Osteria Mamma,Larchmont Village,Italian (trattoria),"5732 Melrose Ave, Los Angeles, CA 90038",(323) 284-7060,,https://osteriamamma.com/,https://www.yelp.com/biz/osteria-mamma-los-angeles,Contact directly,,Family-run trattoria since 2010 by Mamma Loredana. 15 pastas on menu.
7,The Larchmont,Larchmont Village,French American Bistro,Larchmont Village Los Angeles,,,,,Yes -- private room; catering; off-site events; family-style or prix-fixe; open bar or wine pairings,,Located in a charming two-story craftsman home. Farm-to-table. Rated 4.4 on OpenTable.
7,Max & Helen's,Larchmont Village,American (elevated diner),"127 N Larchmont Blvd, Los Angeles, CA 90004",,info@maxandhelens.com,https://www.maxandhelens.com/,https://www.yelp.com/biz/max-and-helen-s-los-angeles-2,Contact directly,,By Phil Rosenthal (Somebody Feed Phil) and Chef Nancy Silverton. Walk-in only.
7,Canter's Deli,Fairfax District,Jewish Deli,"419 N Fairfax Ave, Los Angeles, CA 90036",(323) 651-2030,,https://www.cantersdeli.com/,https://www.yelp.com/biz/canters-deli-los-angeles-5,No private rooms. Catering available. Kibitz Room is a bar/cocktail lounge.,Multiple dining areas,LA landmark since 1931. Open nearly 24 hours. Family-owned 4 generations.
7,Jon & Vinny's (Fairfax),Fairfax District,Italian,"412 N Fairfax Ave, Los Angeles, CA 90036",(323) 334-3369,,https://www.jonandvinnys.com/,https://www.yelp.com/biz/jon-and-vinnys-fairfax-los-angeles-4,Contact directly at (323) 334-3369,,By Jon Shook and Vinny Dotolo. Open 8am-10pm. Reservations on Resy.
7,El Coyote Cafe,Fairfax District,Mexican,"7312 Beverly Blvd, Los Angeles, CA 90036",(323) 939-2255,,https://elcoyotecafe.com/,https://www.yelp.com/biz/el-coyote-cafe-los-angeles,Eight separate rooms; contact directly,375 seats across eight rooms plus patio,Iconic LA establishment since 1931. ~1000 meals served daily.
7,Angelini Osteria,Fairfax District,Italian (fine dining),"7313 Beverly Blvd, Los Angeles, CA 90036",(323) 297-0070,info@angeliniosteria.com,https://www.angelinibeverly.com/,https://www.yelp.com/biz/angelini-osteria-los-angeles,Private dining via adjacent Angelini ALTA. Catering available.,,By Chef Gino Angelini since 2001. Michelin Plate 2022. Gold standard for Italian in LA.
7,Jar Restaurant,Fairfax District,Modern American Chophouse,"8225 Beverly Blvd, Los Angeles, CA 90048",(323) 655-6566,Renata@thejar.com,https://www.thejar.com/,https://www.yelp.com/biz/jar-los-angeles,Yes -- Lounge (16); Main dining (80); Private parties (120 seated/200 reception); Corporate lunch (20-80); Off-site catering (10-1000),120 seated / 200 standing,By Chef Suzanne Tracht. 1940s supper club. OpenTable 4.5 stars.
7,AOC Wine Bar & Restaurant,Fairfax District,California-French small plates,"8700 W 3rd St, Los Angeles, CA 90048",(310) 859-9859,events@aocwinebar.com,https://www.aocwinebar.com/,https://www.yelp.com/biz/aoc-los-angeles-4,Yes -- private space (40 seated/50 standing); semi-private areas; full buyouts. Parties 12+: events@aocwinebar.com,40 seated / 50 standing (private room),James Beard Award-winning chef Suzanne Goin. LA Times Hall of Fame 2024.
7,Madre (Fairfax),Fairfax District,Oaxacan Mexican / Mezcal,"801 N Fairfax Ave #101, Los Angeles, CA 90046",(323) 850-8518,,https://madrerestaurants.com/,https://www.yelp.com/biz/madre-los-angeles,Accommodates large parties; contact directly,,400+ bottles of mezcal. Live music Tuesdays 7-10pm. Established 2012.
7,Lucia,Fairfax District,Modern Afro-Caribbean,"351 N Fairfax Ave, Los Angeles, CA 90036",,reservations@luciala.com,https://www.luciala.com/,https://www.yelp.com/biz/lucia-los-angeles-3,Contact via email for events,,Opened May 2025. Chef Cleophus Hethington (2x James Beard nominee). Reservations on Resy.
7,Pink's Hot Dogs,Fairfax District / La Brea,Hot Dogs,"709 N La Brea Ave, Los Angeles, CA 90038",(323) 931-4223,,https://www.pinkshollywood.com/,https://www.yelp.com/biz/pinks-hot-dogs-los-angeles-4,None (counter service),,Founded 1939. LA landmark. Open till midnight weekdays; 2am weekends.
7,Wirtshaus,Fairfax District / La Brea,German,"345 N La Brea Ave, Los Angeles, CA 90036",(323) 931-9291,,https://www.wirtshausla.com/,https://www.yelp.com/biz/wirtshaus-los-angeles-5,Contact directly,,Modern German restaurant since 2011. Over 35 German beers.
7,Rosalind's Ethiopian,Little Ethiopia (Fairfax),Ethiopian,"1044 S Fairfax Ave, Los Angeles, CA 90019",(323) 936-2486,,https://www.rosalindsla.com/,https://www.yelp.com/biz/rosalinds-ethiopian-restaurant-los-angeles,Full bar; contact directly,Booths tables and patio,Opened 1988. First Ethiopian restaurant on Fairfax. Open daily 11am-2am.
7,Messob Ethiopian,Little Ethiopia (Fairfax),Ethiopian,"1041 S Fairfax Ave, Los Angeles, CA 90019",(323) 938-8827,,https://www.messob.com/,https://www.yelp.com/biz/messob-ethiopian-restaurant-los-angeles-2,Contact directly,,In Little Ethiopia since 1985. Ethiopian and vegan dishes.
7,Meals by Genet,Little Ethiopia (Fairfax),Ethiopian,"1053 S Fairfax Ave, Los Angeles, CA 90019",(323) 938-9304,,https://www.mealsbygenetla.com/,https://www.yelp.com/biz/meals-by-genet-los-angeles-2,Contact directly,Small/intimate,Most recognizable Ethiopian restaurant in LA. Championed by Jonathan Gold. Dinner Wed-Sat only.
7,Little Ethiopia Restaurant,Little Ethiopia (Fairfax),Ethiopian,"1048 S Fairfax Ave, Los Angeles, CA 90019",(323) 930-2808,,https://www.littleethiopiarestaurants.com/,https://www.yelp.com/biz/little-ethiopia-restaurant-los-angeles-3,Contact directly,,Open daily from 11am.
7,Rahel Ethiopian Veggie,Little Ethiopia (Fairfax),Ethiopian (vegan only),"1047 S Fairfax Ave, Los Angeles, CA 90019",(323) 937-8401,,https://rahelvegancuisine.com/,https://www.yelp.com/biz/rahel-ethiopian-vegan-cuisine-los-angeles,Contact directly,,Only all-vegan restaurant in Little Ethiopia. Founded 2000.
7,Gracias Madre,West Hollywood / Fairfax,Plant-based Mexican,"8905 Melrose Ave, West Hollywood, CA 90069",(323) 978-2170,,https://graciasmadre.com/,https://www.yelp.com/biz/gracias-madre-west-hollywood-3,Yes -- full restaurant buyout; curated menus; dedicated events manager; 5000 sq ft with garden patio,5000 sq ft venue,Part of Cafe Gratitude family. Seasonal organic plant-based Mexican cuisine.
7,The Night We Met,Mid-City / La Brea,Pan-Asian (supper club),"788 S La Brea Ave, Los Angeles, CA 90036",(323) 424-3108,,https://thenightwemetla.com/,https://www.yelp.com/biz/the-night-we-met-los-angeles-2,Contact directly; intimate space with live music,,Cozy supper club with live jazz. Asian diasporic menu. Reservations on Resy.
7,Cento Pasta Bar,Mid-City,Italian (pasta),"4921 W Adams Blvd, Los Angeles, CA 90016",(323) 998-0404,,https://www.cento.group/,https://www.yelp.com/biz/cento-pasta-bar-los-angeles-3,Contact directly,,Established 2015. Also operates CENTO Raw Bar.
7,Pip's on La Brea,Mid-City / La Brea,Fusion / Jazz Club,"1356 S La Brea Ave, Los Angeles, CA 90019",(323) 954-7477,,https://www.pipsonlabrea.com/,https://www.yelp.com/biz/pips-on-la-brea-los-angeles,Restaurant + lounge + venue; good for events,,Combines restaurant lounge and live jazz venue. Sunday brunch.
7,Sycamore Kitchen,Mid-Wilshire / La Brea,American (brunch/bakery),"143 S La Brea Ave, Los Angeles, CA 90036",(323) 939-0151,,https://www.thesycamorekitchen.com/,https://www.yelp.com/biz/the-sycamore-kitchen-los-angeles-2,Contact directly,,Possibly the most affordable quality brunch in LA.
7,Tacos Leo,Mid-Wilshire,Mexican (tacos al pastor),"1515 S La Brea Ave, Los Angeles, CA 90019",(323) 346-2001,,https://www.leostacostruck.com/,https://www.yelp.com/biz/leos-tacos-truck-los-angeles-11,None (taco truck),,Best al pastor taco in LA. Taco truck in a gas station parking lot.
7,Cafe Gratitude (Larchmont),Larchmont Village,Vegan / Plant-based,"639 N Larchmont Blvd, Los Angeles, CA 90004",(323) 580-6383,,https://www.cafegratitude.com/,https://www.yelp.com/biz/cafe-gratitude-los-angeles-14,Can accommodate special events; call ahead,,Menu items named with affirmations. Chef Seizan Dreux Ellis.
7,Koi,Fairfax / Melrose,Asian Fusion,"734 N La Cienega Blvd, Los Angeles, CA 90069",(310) 659-9449,,https://koirestaurant.com/,https://www.yelp.com/biz/koi-los-angeles-los-angeles,Contact directly,,Opened 2002. Celebrity hotspot. Koi Crispy Rice and Miso Bronzed Cod are signatures.
7,Bludso's BBQ,Fairfax / La Brea,BBQ (Texas-style),"609 N La Brea Ave, Los Angeles, CA 90036",(323) 931-2583,labrea@bludsosbbq.com,https://www.bludsosbbq.com/,https://www.yelp.com/biz/bludsos-bbq-los-angeles-2,Contact directly,,Texas-style BBQ.
8,Bestia,Arts District,Italian,2121 E 7th Pl Los Angeles CA 90021,(213) 514-5724,events@bestiala.com,https://bestiala.com/,https://www.yelp.com/biz/bestia-los-angeles,Does not have dedicated private rooms but accommodates large parties; email events@bestiala.com for event inquiries; complete buyouts may be possible,Main dining room seats ~100+; multiple bar/counter areas,Michelin recommended; opened 2012; credited with kickstarting Arts District dining scene; 4% team charge on bill; reservations essential; The Infatuation rating 9.1
8,Bavel,Arts District,Middle Eastern,500 Mateo St Los Angeles CA 90013,(213) 232-4966,events@baveldtla.com,https://baveldtla.com/,https://www.yelp.com/biz/bavel-los-angeles-3,Large parties 9-14 in main dining room; up to 26 on heated covered patio; full/partial buyouts for larger groups; daytime lunch buyouts available,Up to 26 seated patio; full buyout for larger groups,From Ori Menashe & Genevieve Gergis (Bestia team); The Infatuation rating 9.2; reservations via Resy/OpenTable; open Mon-Sun 5-11pm
8,Camphor,Arts District,French (Michelin-starred),923 E 3rd St Ste 109 Los Angeles CA 90013,(213) 626-8888,,https://www.camphor.la/,https://www.yelp.com/biz/camphor-los-angeles,Contact restaurant directly for private event inquiries,,One Michelin star; Chef Max Boonthanakit; French bistro with South Asian influences; must-order gunpowder anchovies; reservations via Resy; closed Tue-Wed
8,Damian,Arts District,Mexican (Upscale),2132 E 7th Pl Los Angeles CA 90021,(213) 270-0178,,https://www.damiandtla.com/,https://www.yelp.com/biz/damian-los-angeles,Private party bookings accepted; listed on EventUp as event/wedding venue; Michelin-level event experience,,Chef Enrique Olvera (Pujol/Cosme); The Infatuation rating 9.0; industrial-chic warehouse; reservations via Resy/OpenTable; closed Mon-Tue
8,Hayato,Arts District (ROW DTLA),Japanese Kaiseki (2 Michelin stars),1320 E 7th St Ste 126 Los Angeles CA 90021,(213) 395-0607,,https://hayatorestaurant.com/,https://www.yelp.com/biz/hayato-los-angeles-3,Extremely intimate 7-seat counter; no private events due to size,7 seats total; one seating per night,Two Michelin stars; $450/person seasonal kaiseki; reservations via Tock only; Chef Brandon Go; non-transferable reservations; limited to once/month per guest; #1 LA Times 101 Best 2022
8,Kato,Arts District (ROW DTLA),Taiwanese Tasting Menu (Michelin-starred),777 S Alameda St Bldg 1 Ste 114 Los Angeles CA 90021,(213) 797-5770,info@katorestaurant.com,https://www.katorestaurant.com/,https://www.yelp.com/biz/kato-los-angeles,Contact restaurant for large party/private event inquiries; dining room and bar seating available,,One Michelin star; Chef Jon Yao; 12-course tasting menu ~$325; James Beard Best Chef California 2025; 3x #1 LA Times 101; corkage $75/bottle; 18% fair wage fee added
8,Camelia,Arts District,French-Japanese Bistro,1850 Industrial St Los Angeles CA 90021,(213) 800-9750,contact@cameliadtla.com,https://cameliadtla.com/,https://www.yelp.com/biz/camelia-los-angeles,Contact restaurant for event inquiries,,From Charles Namba & Courtney Kaplan (Tsubaki/OTOTO); The Infatuation rating 8.8; reservations via OpenTable up to 21 days out; bar seats first-come; valet $12
8,Baroo,Arts District,Modern Korean,905 E 2nd St Ste 109 Los Angeles CA 90012,(213) 221-7967,hello@baroolosangeles.com,https://www.baroolosangeles.com/,https://www.yelp.com/biz/baroo-los-angeles-3,Contact restaurant for inquiries,,LA Times Restaurant of the Year 2024; Chefs Kwang Uh & Mina Park; fermentation-focused tasting menu; reservations via Resy; located in Garey Building; valet Fri-Sat
8,Hojokban,Arts District,Modern Korean,734 E 3rd St Los Angeles CA 90013,(213) 785-3400,hello@hojokbanla.com,https://hojokban.com/los-angeles/home,https://www.yelp.com/biz/hojokban-los-angeles,Contact restaurant for large party inquiries,,Seoul import (founded 2019); also in NYC; opened LA 2025; creative riffs on Korean classics; valet $18; walk-ins welcome; bar first-come first-served; reservations encouraged
8,Berenjak,Arts District,Persian/Iranian,1010 S Santa Fe Ave Los Angeles CA 90021,(213) 205-1101,events.la@berenjak.com,https://berenjak.com/locations/downtown-los-angeles/,https://www.yelp.com/biz/berenjak-los-angeles,Beautiful outdoor garden space and candlelit interior; contact for private events,,London-born Iranian restaurant; Michelin Bib Gourmand; located in Soho Warehouse; open to public and Soho House members; book via website or Soho app; valet available; closed Mon & Sun
8,Manuela,Arts District,New American / Farm-to-Table,907 E 3rd St Los Angeles CA 90013,(323) 849-0480,events@manuela-la.com,https://manuela-la.com/,https://www.yelp.com/biz/manuela-los-angeles-2,Private Dining Room (glasshouse seating 14); Courtyard with Hauser & Wirth art views; Garden (most popular event space); Full Restaurant Buyout available; email events team for 12+ guests,14 seated in private dining room; courtyard and garden for larger events; full buyout available,Located in Hauser & Wirth arts complex; Chef Kris Tominaga; Wine Spectator Award; commissioned art by Paul McCarthy/Mark Bradford; reservations via OpenTable
8,Girl & the Goat,Arts District,New American,555-3 Mateo St Ste 300 Los Angeles CA 90013,(213) 799-4628,info@girlandthegoat.com,https://www.girlandthegoat.com/los-angeles,https://www.yelp.com/biz/girl-and-the-goat-los-angeles-2,Private dining room (20 guests); Art corridor (40 guests); Terrace (25 guests); Patio (36 guests); work with events team for custom menus,20-40 seated depending on space,Chef Stephanie Izard (Top Chef winner / James Beard Award); first LA expansion of Chicago original; Sunday brunch; reservations via OpenTable
8,Yangban,Arts District,Modern Korean-American,712 S Santa Fe Ave Los Angeles CA 90021,(213) 866-1987,info@yangbanla.com,https://yangbanla.com/,https://www.yelp.com/biz/yangban-society-los-angeles,Email info@yangbanla.com for large party reservations and private events,,Chefs Katianna & John Hong; Bon Appetit 10 Best New Restaurants; James Beard recognized; underwent interior overhaul; check website for current status (Yelp showed temporary closure)
8,715 Sushi,Arts District,Japanese Omakase (Michelin-starred),738 E 3rd St Los Angeles CA 90013,(213) 547-0459,sushi715adllc@gmail.com,https://www.715sushi.com/,https://www.yelp.com/biz/715-sushi-los-angeles-2,Intimate 12-seat counter; not suitable for large private events,12 seats,One Michelin star; Chef Seigo Tamura; 22-course omakase $350/person; $175 deposit required; reservations via Tock; valet available; strict punctuality policy
8,Pizzeria Bianco,Arts District (ROW DTLA),Pizza,1320 E 7th St Ste 100 Los Angeles CA 90021,(213) 372-5155,,https://www.pizzeriabianco.com/los-angeles,https://www.yelp.com/biz/pizzeria-bianco-dtla-los-angeles,Contact restaurant for group dining inquiries,,Chef Chris Bianco; James Beard Award winner; Michelin Bib Gourmand; wood-burning oven; free 2-hr parking in garage; reservations encouraged; Mon-Sat 11am-9pm Sun 11am-4pm
8,Cabra,South Park / Fashion District (The Hoxton),Peruvian-Inspired,1060 S Broadway Los Angeles CA 90015,(213) 725-5858,,https://www.cabralosangeles.com/,https://www.yelp.com/biz/cabra-los-angeles,Cabra Alcove (40 standing); Cabra Bar (80 standing); Cabra Dining Room (60 seated / 108 standing); full buyout available,60 seated / 108 standing in dining room; 80 standing at bar,Rooftop of The Hoxton Downtown LA; Chef Stephanie Izard; panoramic skyline views; poolside bar
8,Redbird,Historic Core,Modern American,114 E 2nd St Los Angeles CA 90012,(213) 788-1191,events@redbird.la,https://redbird.la/,https://www.yelp.com/biz/redbird-los-angeles-2,Multiple private dining rooms on several floors; adjacent Vibiana cathedral venue; Main Dining Room + Lounge; highly customizable events; filming location available,18 seated to 200+ standing (total buyout); 6 meeting rooms; 3000 sq ft total; max reception 225; max banquet 150,Chef Neal Fraser; in historic Vibiana rectory building; Michelin Guide & 50 Best Discovery; also operates Vibiana event venue; email events@redbird.la
8,Orsa & Winston,Historic Core,Italian-Japanese (Michelin-starred),122 W 4th St Los Angeles CA 90013,(213) 687-0300,info@orsaandwinston.com,http://www.orsaandwinston.com/,https://www.yelp.com/biz/orsa-and-winston-los-angeles,Private event inquiries via info@orsaandwinston.com; limited seating capacity,,One Michelin star; Chef Josef Centeno; tasting menu ~$150; open Tue-Sat 5-10pm; reservations via OpenTable for 1-4 guests; email for 5+; smart casual dress
8,Maccheroni Republic,Historic Core,Italian,332 S Broadway Los Angeles CA 90013,(213) 346-9725,maccheronirepublicdtla@gmail.com,https://maccheronirepublic.com/,https://www.yelp.com/biz/maccheroni-republic-los-angeles,No reservations; arrive early to avoid waits,,Michelin Bib Gourmand; homemade pasta daily with organic flour; across from Grand Central Market; outdoor patio; no reservations policy; Mon-Thu 11am-2pm + 5-9:30pm; Fri-Sun 11am-9:30pm
8,KazuNori,Historic Core,Sushi Hand Rolls,421 S Main St Los Angeles CA 90013,(213) 493-6956,eat@kazunorisushi.com,https://www.handrollbar.com/locations/dtla/,https://www.yelp.com/biz/kazunori-downtown-la-los-angeles,Contact for group inquiries; 22-seat bar format; no tables,,The Original Hand Roll Bar; Sushi Nozawa Group; warm rice + freshest fish; Mon-Thu 11:30am-11pm; Fri-Sat 11:30am-11:30pm; Sun 11:30am-11pm
8,Le Draq,Historic Core,International / Tex-Mex / Mediterranean,118 W 4th St Los Angeles CA 90013,(213) 687-8002,info@bar-ama.com,http://www.bar-ama.com/,https://www.yelp.com/biz/le-draq-los-angeles-14,Email info@bar-ama.com for catering and private events,,Chef Josef Centeno; hybrid of Bar Ama + Baco Mercat; opened Dec 2025; the baco is back; casual dining $30 and under; Tue-Sat 5-10pm Sun 5-9pm; cash not accepted
8,Badmaash,Historic Core,Indian Gastropub,108 W 2nd St Ste 104 Los Angeles CA 90012,(213) 221-7466,reservations@BadmaashLA.com,https://badmaashla.com/,https://www.yelp.com/biz/badmaash-downtown-la-los-angeles,Email reservations@BadmaashLA.com for parties >7,,Michelin 2025 Recommended; father-and-two-sons team; chicken tikka poutine; Bollywood posters decor; Mon-Fri 11:30am-3pm + 5-10pm; Sat-Sun 12-10pm
8,Mrs. Fish,Historic Core,Japanese,448 S Hill St Los Angeles CA 90013,(213) 873-4444,info@mrsfish.com,https://www.mrsfish.com/,https://www.yelp.com/biz/mrs-fish-los-angeles,Private events available; contact restaurant directly; sister concept to Perch (seats up to 150 for buyout),,Subterranean restaurant in Pershing Square Building; 5500-gallon aquarium; rare Japanese whisky; live music Tuesdays; DJ entertainment Fri-Sat; valet $14
8,Perch,Historic Core,French-American (Rooftop),448 S Hill St Los Angeles CA 90013,(213) 802-1770,info@perchla.com,https://www.perchla.com/,https://www.yelp.com/biz/perch-los-angeles,5th Street Patio for private seated dinners; 16th Floor Skydeck for private dinners; rooftop for receptions/buffets; sister concept Mrs. Fish; 20% auto gratuity on 8+,28 on patio; 75 at private bar; full buyout of Mrs. Fish up to 150,15th floor rooftop; French-inspired bistro; stunning DTLA views; 2 outdoor fireplaces; live music; upscale casual dress code; brunch Sat-Sun 10am-3:30pm; dinner Mon-Sun from 4pm
8,Grand Central Market (Food Hall),Historic Core,Multi-Vendor Food Hall,317 S Broadway Los Angeles CA 90013,(213) 624-2378,,https://grandcentralmarket.com/,https://www.yelp.com/biz/grand-central-market-los-angeles,Event spaces available within market; contact market management,30000 sq ft; 40+ vendors,Landmark since 1917; daily 8am-9pm; parking at 308 S Hill St $5/first 90 min; vendors include EggSlut/Broad Street Oyster/Villa's Tacos/Shiku/Olio/Ramen Hood/Sticky Rice/Ghost Sando and many more
8,EggSlut,Historic Core (Grand Central Market),Breakfast / Egg Sandwiches,317 S Broadway Los Angeles CA 90013,(213) 625-0292,,https://www.eggslut.com/,https://www.yelp.com/biz/eggslut-los-angeles-7,No private dining; counter service,,Founded 2011 by Chef Alvin Cailan; original location inside Grand Central Market; Mon-Sun 8am-2pm; gourmet egg sandwiches
8,Broad Street Oyster Co.,Historic Core (Grand Central Market),Seafood,317 S Broadway Los Angeles CA 90013,(424) 309-0936,,https://www.broadstreetoysterco.com/,https://www.yelp.com/biz/broad-street-oyster-co-los-angeles-6,No private dining; counter service within GCM,,Famous lobster rolls; fried oysters; seafood towers; Malibu-born concept inside Grand Central Market
8,71Above,Financial District,New American (Fine Dining),633 W 5th St Fl 71 Los Angeles CA 90071,(213) 712-2683,,https://www.71above.com/,https://www.yelp.com/biz/71-above-los-angeles-2,1 large + 2 small private dining rooms overlooking Dodger Stadium; max reception 300; max banquet 150; 2 breakout rooms; full buyout available; in-house catering,150 banquet; 300 reception; 8000 sq ft total,Highest restaurant west of the Mississippi (71 floors); US Bank Tower; Chef Javier Lopez; panoramic views; self-parking $18 w/ validation; multiple dining areas including SkyLounge and chef's table
8,Nick + Stef's Steakhouse,Financial District / Bunker Hill,Steakhouse,330 S Hope St Los Angeles CA 90071,(213) 680-0330,events@nickandstefs.com,https://www.nickandstefs.com/,https://www.yelp.com/biz/nick-stefs-steakhouse-los-angeles-4,Several private rooms with WiFi and A/V; full and partial buyouts; custom menus; outdoor patio with fire pits and cabanas; private dining contact: (213) 294-1063,12 intimate to 150 cocktail reception,Patina Restaurant Group; USDA Prime dry-aged steaks; since 1999; Mon-Thu 11:30am-9pm; Fri 4-10pm; Sat 5-10pm; Sun 4-8pm
8,Engine Co. No. 28,Financial District,American,644 S Figueroa St Los Angeles CA 90017,(213) 624-6996,contacts@engineco.com,https://www.engineco.com/,https://www.yelp.com/biz/engine-co-no-28-los-angeles,Contact restaurant for private events,,Set in beautifully restored 1912 firehouse; original brass firepole; mahogany booths; since 1989; Mon-Fri 11am-9pm; Sat 4-10pm; Sun closed; valet $20
8,San Laurel,Financial District / Bunker Hill,Spanish-Californian,100 S Grand Ave Los Angeles CA 90012,(213) 349-8585,LAXAV.PDR@ConradHotels.com,https://www.sanlaurel.com/,https://www.yelp.com/biz/san-laurel-los-angeles-3,Private dining events; outdoor terrace facing Walt Disney Concert Hall; email LAXAV.PDR@ConradHotels.com,,Chef Jose Andres; 10th floor of Conrad Los Angeles at The Grand (Frank Gehry-designed); breakfast 7am-12pm + dinner 5-11pm daily; valet on Olive St
8,Casa Ipanema,Financial District,Brazilian-Latin,501 S Olive St Los Angeles CA 90013,(424) 443-4345,,https://www.casaipanema.com/,https://www.yelp.com/biz/casa-ipanema-los-angeles,Contact restaurant for private events and buyouts,,Corner of iconic Biltmore Hotel; opened 2025; Chef Arturo Flores; Brazilian-Latin fusion; signature caipirinha cocktails; DJ curated music; happy hour Wed-Sun 4-7pm; valet at Biltmore; closed Mon-Tue
8,VACA DTLA,Financial District,Spanish Tapas,960 W 7th St Los Angeles CA 90017,(213) 451-5600,,https://vacarestaurant.com/los-angeles/,https://www.yelp.com/biz/vaca-los-angeles,Contact restaurant for private events,,Chef Amar Santana; opened late 2025; beneath The Beaudry luxury high-rise; above Fig at 7th Mall; Tue-Fri 11:30am-9pm; Sat 5-10pm; original Costa Mesa location has Michelin recognition
8,Gyu-Kaku,Financial District,Japanese BBQ (Yakiniku),514 W 7th St Los Angeles CA 90014,(213) 988-7178,,https://www.gyu-kaku.com/,https://www.yelp.com/biz/gyu-kaku-japanese-bbq-los-angeles-2,Contact restaurant for group/event dining; chain restaurant with event capabilities,,World's #1 Japanese BBQ brand; founded Tokyo 1996; 700+ locations worldwide; cook-your-own premium meats on smokeless grill
8,Majordomo,Chinatown,Korean-American / Asian-Californian,1725 Naud St Los Angeles CA 90012,(323) 545-4880,domoevents@momofuku.com,https://www.momofuku.com/restaurants/majordomo,https://www.yelp.com/biz/majordomo-los-angeles-2,Up to 24 guests on heated patio with set menus (Bo Ssam / Short Rib); private dining events available; private room noted,,Chef David Chang (Momofuku); former warehouse in Chinatown; energetic open kitchen; valet $8 on Naud St; near Chinatown Gold Line Metro
8,Howlin' Ray's,Chinatown (Far East Plaza),Nashville Hot Chicken,727 N Broadway Ste 128 Los Angeles CA 90012,(213) 935-8399,,https://howlinrays.com/,https://www.yelp.com/biz/howlin-rays-los-angeles-7,No private dining; counter service; walk-in only,,Chef Johnny Zone (trained under Keller/Ramsay/Nobu); LA hot chicken sensation; Wed-Sun 11am-7pm; closed Mon-Tue; also has Pasadena location
8,Lasita,Chinatown (Far East Plaza),Filipino Rotisserie / Natural Wine,727 N Broadway Ste 120 Los Angeles CA 90012,(213) 443-6163,hello@lasita-la.com,https://www.lasita-la.com/,https://www.yelp.com/biz/lasita-los-angeles,32-seat dining room + 16-seat patio; contact for private events,32 seated + 16 patio,From Chase & Steff Valencia; Bon Appetit 50 Best New Restaurants 2022; rotisserie chicken + lechon + natural wine; dinner Mon-Sat 5:30-10pm; brunch Sat-Sun 10am-2pm
8,Firstborn,Chinatown,Chinese-American / French-Influenced,978 N Broadway Los Angeles CA 90012,(213) 537-0142,info@firstborn.la,https://firstborn.la/,https://www.yelp.com/biz/firstborn-los-angeles-2,$68 prix fixe; email info@firstborn.la for parties over 6; full buyout: $8000 min weekdays / $14000 min weekends,44 seats in main dining room,Chef Anthony Wang (Ink/Auburn/Destroyer); opened March 2025; former Pok Pok space; Wed-Thu/Sun 5-9:30pm; Fri-Sat 5-10pm; a la carte at bar only
8,Yang Chow,Chinatown,Chinese (Mandarin/Szechuan),819 N Broadway Los Angeles CA 90012,(213) 625-0811,,https://yangchow.com/,https://www.yelp.com/biz/yang-chow-los-angeles,Contact restaurant for large party arrangements,,Since 1977; famous slippery shrimp; Yun family of five brothers; Mon-Thu/Sun 11:30am-8:30pm; Fri-Sat 11:30am-9:30pm; multiple locations
8,Pho 87,Chinatown,Vietnamese,1019 N Broadway Los Angeles CA 90012,(323) 227-0758,,https://downtownla.com/go/pho-87,https://www.yelp.com/biz/pho-87-los-angeles,No private dining; casual sit-down,,Over 30 years in Chinatown; cash only; excellent pho; Wed-Mon 11am-8pm; closed Tue; delivery available
8,Philippe the Original,Chinatown-Adjacent,Deli / French Dip Sandwiches,1001 N Alameda St Los Angeles CA 90012,(213) 628-3781,customerservice@philippes.com,https://philippes.com/,https://www.yelp.com/biz/philippe-the-original-los-angeles,Upstairs rooms may be available; contact restaurant directly for large party arrangements,,Claims to have invented the French dip in 1908; sawdust-covered floors; communal seating; cash only at counter; Mon-Sun 6am-10pm; free parking; near Union Station
8,LaSorted's,Chinatown,Pizza,984 N Broadway Los Angeles CA 90012,(213) 537-0475,,https://www.lasorteds.com/,https://www.yelp.com/biz/la-sorteds-chinatown-los-angeles,Contact restaurant for birthday parties and events; full-service pizzeria,,LA-style neighborhood pizzeria; sports on TV; Mon-Thu 11am-10pm; Fri-Sat 11am-1am; Sun 10am-10pm; also in Silver Lake
8,Katsu Sando,Chinatown,Japanese Sandwiches,736 N Broadway Ste 105 Los Angeles CA 90012,(213) 395-0710,,https://katsu-sando.square.site/home,https://www.yelp.com/biz/katsu-sando-los-angeles,No private dining; counter service,,Japanese curry katsu sandwiches on honey milk bread; chicken/pork/menchi katsu; also in San Gabriel
8,Kim Chuy,Chinatown (Far East Plaza),Chinese (Teochew/Chiu Chow),727 N Broadway Ste 103 Los Angeles CA 90012,(213) 687-7215,,http://kimchuy.com/,https://www.yelp.com/biz/kim-chuy-restaurant-los-angeles,Contact restaurant for large parties,,Since 1982; first Teochew restaurant in the US; ~30 noodle soup varieties; Tue-Sun 9am-6pm; closed Mon; delivery/take-out available
8,Won Kok,Chinatown,Chinese (Dim Sum),210 Alpine St Los Angeles CA 90012,(213) 613-0700,,,https://www.yelp.com/biz/won-kok-los-angeles,No private dining; casual no-frills,,Mom-and-pop dim sum; hard-to-beat prices; quintessential hole-in-the-wall
8,Phoenix Inn,Chinatown,Chinese (Cantonese),301 Ord St Los Angeles CA 90012,(213) 629-2812,,https://phoenixfood.us,https://www.yelp.com/biz/phoenix-inn-los-angeles,Contact restaurant for large party arrangements,,Chinatown institution; family-run; expanded to 12+ locations; fried whole fish and Chinese omelets; late-night diners
8,Cafe Tondo,Chinatown,Cafe / Mexican-Inspired All-Day,1135 N Alameda St Los Angeles CA 90012,,info@cafetondo.com,https://cafetondo.com/,https://www.yelp.com/biz/caf%C3%A9-tondo-los-angeles-2,Contact for private event inquiries; beautiful designed space,,Former Oriel space; Mexico City cafe culture-inspired; Chef Luis Luna (Damian alum); Bolero/Chess/Jazz/DJ nights; Tue-Sun 8am-11pm/12am; closed Mon
8,Perilla LA,Chinatown / Echo Park Border,Korean Banchan,1027 Alpine St Bldg E Los Angeles CA 90012,(626) 775-5645,hello@perillala.com,https://perillala.com/,https://www.yelp.com/biz/perilla-la-los-angeles,No private dining; counter service / pickup,,Chef Jihee Kim (Rustic Canyon alum); seasonal Korean banchan; gimbap and dosirak lunch boxes; garden patio; pickup only via Toast; Mon 11am-3pm; Wed-Sat 11am-4:30pm; closed Tue
8,Sushi Gen,Little Tokyo,Japanese / Sushi,422 E 2nd St Los Angeles CA 90012,(213) 617-0552,,https://sushigen.org/,https://www.yelp.com/biz/sushi-gen-los-angeles,Contact restaurant for large party inquiries,,Since 1980; Honda Plaza in Little Tokyo; some of the best sushi in LA at reasonable prices; Tue-Fri 11:15am-2pm + 5:30-9:30pm; Sat 5:30-9:30pm; closed Sun-Mon
8,Daikokuya,Little Tokyo,Ramen,327 E 1st St Los Angeles CA 90012,(213) 626-1680,,https://group.bishamon-ten.com/daikokuya/littletokyo/,https://www.yelp.com/biz/daikokuya-little-tokyo-los-angeles-2,No private dining; casual walk-in,,Most popular ramen in Little Tokyo; expect waits; indoor/outdoor dining; to-go and delivery; pescatarian/vegan/gluten-free options; Bishamon Group
8,Marugame Monzo,Little Tokyo,Japanese Udon,329 E 1st St Los Angeles CA 90012,(213) 346-9762,,https://marugamemonzola.com/,https://www.yelp.com/biz/marugame-monzo-los-angeles-5,Contact for group inquiries,,Michelin Guide recognized; handmade Sanuki udon in open kitchen; fusion udon options (miso carbonara/sea urchin cream); Mon-Thu 11:30am-9pm; Fri-Sun 11am-10pm
8,Tensho,Little Tokyo,Japanese Shabu-Shabu / Kaiseki,418 E 2nd St Los Angeles CA 90012,(213) 617-1016,,https://isedining.com/tensho-english/,https://www.yelp.com/biz/tensho-los-angeles-2,Contact restaurant for group dining inquiries,,Successor to beloved Kagaya; Chef Takumi Kawano (20+ years experience); A5 Miyazaki Wagyu; fresh king crab; opened May 2022; Tue-Sun 5-9:30pm; closed Mon; reservations via OpenTable
8,Kura Sushi,Little Tokyo,Conveyor Belt Sushi,240 E 2nd St Los Angeles CA 90012,(213) 613-5872,,https://kurasushi.com/,https://www.yelp.com/biz/kura-revolving-sushi-bar-los-angeles,No private dining; high-volume chain format,,Revolving sushi bar; high-quality for a chain; innovative automated ordering; nationwide chain
8,Chinchikurin,Little Tokyo,Japanese (Okonomiyaki),343 E 1st St Los Angeles CA 90012,(213) 437-0081,,https://chinchikurin-usa.com/,https://www.yelp.com/biz/chinchikurin-los-angeles,No private dining; casual counter,,Specializes in Hiroshima-style okonomiyaki (Japanese savory pancakes); also serves teppanyaki
8,Rakkan Ramen,Little Tokyo,Ramen (Plant-Based Options),359 E 1st St Los Angeles CA 90012,(213) 205-8850,,https://www.rakkanramen.com/,https://www.yelp.com/biz/rakkan-ramen-los-angeles,Contact for group inquiries,,Unique 100% plant-based broth options; opened 2017; multiple locations
8,Azay,Little Tokyo,French-Japanese,311 E 1st St Los Angeles CA 90012,(213) 625-9377,info@azaylittletokyo.com,https://azayrestaurant.com/,https://www.yelp.com/biz/azay-los-angeles,Contact restaurant for private dining,,Family-run since 2019; Chef Akira; French-Japanese fusion
8,Sushi Enya,Little Tokyo,Sushi / Omakase,207 S Central Ave Ste N Los Angeles CA 90012,(213) 613-3388,,https://www.sushienya.com/,https://www.yelp.com/biz/sushi-enya-los-angeles,Contact for private dining options,,Chef Kimiyasu Enya; traditional and innovative sushi; trained extensively in Japan
8,KAMINARI Gyoza Bar,Little Tokyo,Japanese (Gyoza),243 Astronaut Ellison S. Onizuka St Los Angeles CA 90012,(213) 620-0020,,https://www.instagram.com/kaminari_gyoza/,https://www.yelp.com/biz/kaminari-gyoza-bar-los-angeles,No private dining; casual format,,Gyoza and dumpling bar in Little Tokyo; popular grab-and-go spot
8,Torigoya,Little Tokyo (Weller Court),Japanese Yakitori,123 Astronaut Ellison S. Onizuka St 2nd Fl Los Angeles CA 90012,(213) 687-0690,,,https://www.yelp.com/biz/torigoya-los-angeles,Contact for group inquiries; 2nd floor of Weller Court,,Yakitori skewers; chicken thighs/meatballs/gizzards; located on 2nd floor of Weller Court
8,Yamazaki Bakery,Little Tokyo,Japanese Bakery,124 Japanese Village Plaza Mall Los Angeles CA 90012,(213) 625-0240,,https://www.yamazakiusa.com/,https://www.yelp.com/biz/yamazaki-bakery-los-angeles,No private dining; bakery counter,,Steamed buns; melon pan; Japanese cheesecake; pastries
8,Inanna Bar,South Park (The Hoxton),Mediterranean Rooftop,1060 S Broadway Los Angeles CA 90015,(213) 725-5900,,https://thehoxton.com/downtown-la/inanna/,https://www.yelp.com/biz/inanna-bar-los-angeles,Contact for private events on rooftop; poolside bar available,,11th floor rooftop of The Hoxton; opened Sept 2025; Mediterranean mezze and flatbreads; DJ Fri-Sat; sunset hour 4-6pm; dinner Sun-Tue 4-9pm / Wed-Sat 4-10pm
8,Pine & Crane DTLA,South Park,Taiwanese,1120 S Grand Ave Ste 101 Los Angeles CA 90015,(213) 536-5292,dtla@pineandcrane.com,https://www.pineandcrane.com/dtla,https://www.yelp.com/biz/pine-and-crane-dtla-los-angeles-3,Email dtla@pineandcrane.com for event inquiries,,Casual Taiwanese; original in Silver Lake; small plates/dumplings/noodles/rice; daily 8am-10pm; reservations via Resy
8,Fleming's Prime Steakhouse,South Park (L.A. LIVE),Steakhouse,800 W Olympic Blvd Ste A-135 Los Angeles CA 90015,(213) 745-9911,,https://www.flemingssteakhouse.com/locations/ca/los-angeles,https://www.yelp.com/biz/fleming-s-prime-steakhouse-and-wine-bar-los-angeles-3,Private dining rooms available; contact restaurant for corporate events and group dining,,Across from Crypto.com Arena and Convention Center; chain steakhouse; Mon-Sat 11am-10pm; Sun 11am-9pm; happy hour 4-6pm
8,Katsuya L.A. LIVE,South Park (L.A. LIVE),Japanese / Sushi,800 W Olympic Blvd Ste A175 Los Angeles CA 90015,(213) 747-9797,katsuyalalive@sbe.com,https://www.katsuyarestaurant.com/lalive,https://www.yelp.com/biz/katsuya-la-live-los-angeles,Private dining and lounge areas; expansive patio; contact for events,,Master Sushi Chef Katsuya Uechi; Philippe Starck-designed; OpenTable Diner's Choice; near Microsoft Theater and Crypto.com Arena; happy hour Mon-Fri 5-7pm
8,The Original Pantry Cafe,South Park,American Diner / Breakfast,877 S Figueroa St Los Angeles CA 90017,(213) 972-9279,,http://www.pantrycafe.com/,https://www.yelp.com/biz/original-pantry-cafe-los-angeles,No private dining; communal/casual seating,,Since 1924; claimed to never close doors; TEMPORARILY CLOSED per Yelp (closed March 2025 due to labor dispute; announced reopening target April 2026); cash only; steaks/baked goods/sandwiches
8,Kar Son,Arts District (ROW DTLA),Chinese,1318 E 7th St Ste 134 Los Angeles CA 90021,,info@karsondining.com,https://www.karsondining.com/,https://www.yelp.com/biz/kar-son-los-angeles,Hosts parties large and small; email info@karsondining.com,,At ROW DTLA; handmade dumplings/wontons/noodle soup; Chongqing-style spicy chicken; everything from scratch; Tue-Sun 11am-3pm + 5-9pm; closed Mon
8,De La Nonna,Arts District,Pizza / Italian,960 E 3rd St Los Angeles CA 90013,(213) 443-0280,Events@delanonna.com,https://delanonna.com/,https://www.yelp.com/biz/de-la-nonna-los-angeles,Contact for group inquiries,,Took over former Lupetti's pizza location; popular new Arts District pizza spot
8,Bianca Sicilian Trattoria,Arts District,Sicilian Italian,950 E 3rd St Los Angeles CA 90013,(213) 900-6990,,https://www.biancatrattoriala.com/,https://www.yelp.com/biz/bianca-sicilian-trattoria-los-angeles,Contact for private events,,Chef Michele Galifi; Sicilian street-style appetizers/pastas/pizza/seafood; ranked top 6 in 2025 International World Pizza Competition
8,Pane Bianco,Arts District (ROW DTLA),Sandwiches / Italian,757 S Alameda St Los Angeles CA 90021,(213) 372-5155,,https://www.pizzeriabianco.com/pane-bianco-los-angeles,https://www.yelp.com/biz/pane-bianco-dtla-los-angeles,No private dining; counter service,,Chris Bianco's sandwich-focused companion to Pizzeria Bianco; at ROW DTLA
8,Go Get Em Tiger (GGET),Arts District (ROW DTLA),Coffee / Cafe,777 S Alameda St Los Angeles CA 90021,(323) 579-1368,,https://gget.com/,https://www.yelp.com/biz/go-get-em-tiger-los-angeles-3,No private dining; cafe format,,Known for fancy nut milks and specialty coffee; all-day breakfast items; at ROW DTLA
8,Pikunico,Arts District (ROW DTLA),Japanese-American Fried Chicken,777 S Alameda St Los Angeles CA 90021,(213) 278-0407,,https://www.pikunico.com/,https://www.yelp.com/biz/pikunico-los-angeles,No private dining; casual counter,,Chef Kuniko Yagi (Hinoki & the Bird / Top Chef); housemade karaage chicken; at ROW DTLA
8,Checkers Downtown,Financial District,American / Fine Dining,535 S Grand Ave Los Angeles CA 90071,(213) 624-0000,,https://www.hilton.com/en/hotels/laxchhf-hilton-checkers-los-angeles/dining/,https://www.yelp.com/biz/checkers-downtown-los-angeles,Private dining available within Hilton Checkers hotel; contact hotel events,,Inside Hilton Checkers hotel; fine dining American cuisine
8,1927 Bar Kitchen,Financial District,American,535 S Grand Ave Los Angeles CA 90071,(213) 291-0927,,,https://www.yelp.com/biz/1927-bar-kitchen-los-angeles,Contact for private events,,Located in Financial District; full-service bar and kitchen
8,85 Degrees Bakery,Financial District,Taiwanese Bakery / Cafe,700 Wilshire Blvd Los Angeles CA 90017,(213) 614-8585,,https://www.85cbakerycafe.com/,https://www.yelp.com/biz/85-c-bakery-cafe-los-angeles-2,No private dining; bakery counter,,Taiwanese bakery chain; coffee/tea/pastries/cakes
8,Holbox,South Park (Mercado La Paloma),Mexican Seafood,3655 S Grand Ave Los Angeles CA 90007,(213) 986-8560,,https://www.holboxla.com/,https://www.yelp.com/biz/holbox-los-angeles-2,Contact for catering and events; casual market stall format,,Chef Gilberto Cetina Jr.; Michelin Bib Gourmand; Yucatan-style ceviches and seafood; inside Mercado La Paloma
8,Maison Kasai,South Park,Teppanyaki / French-Japanese,1001 S Olive St Los Angeles CA 90015,(213) 789-7852,reservations@level8dtla.com,https://www.maisonkasaidtla.com/,https://www.yelp.com/biz/maison-kasai-los-angeles,Contact for private events; teppanyaki format lends itself to groups,,Elevated teppanyaki blending French and Japanese; Chef Richard Archuleta; across from Crypto.com Arena; opened 2025
8,La Lo La Rooftop,South Park (AC Hotel),Spanish Tapas / Rooftop Bar,901 W Olympic Blvd Fl 34 Los Angeles CA 90015,(213) 789-7650,,https://www.lalolarooftop.com/,https://www.yelp.com/biz/la-lo-la-rooftop-los-angeles,Private events on 34th floor rooftop; ~4000 sq ft space,~4000 sq ft rooftop,34th floor of AC Hotel Downtown LA; 270-degree views; specialty cocktails; Spanish-style tapas; sophisticated oasis
8,The Dankness Dojo,South Park,Plant-Based / Craft Brewery,832 S Olive St Los Angeles CA 90014,(213) 878-7008,,http://www.moderntimesbeer.com/tasting-room/los-angeles,https://www.yelp.com/biz/the-dankness-dojo-los-angeles,Contact for private events; brick-walled space with art installations,,San Diego transplant; pilot brewery with 30+ taps; plant-based menu; R&D experimental brews; art-filled space
8,Los Gabrieles,Pinata District,Mexican Street Food / Carnitas,1113 S San Pedro St Los Angeles CA 90015,,,,https://www.yelp.com/biz/los-gabrieles-los-angeles,No private dining; street stand format,,Street stand making LA's best carnitas; The Infatuation rating 8.8; casual outdoor seating
8,Joyce,DTLA (Broadway),Southern / Black-Owned,332 S Broadway Ste A Los Angeles CA 90013,(213) 395-0202,,https://www.joycela.com/,https://www.yelp.com/biz/joyce-los-angeles,Contact restaurant for private events,,Black-owned restaurant; spirit of Southern dining; highlighted by Resy; on Broadway corridor
9,Pijja Palace,Silver Lake,Indian-Italian / Sports Bar,2711 W Sunset Blvd Los Angeles CA 90026,,hi@pijjapalace.com,https://www.pijjapalace.com/,https://www.yelp.com/biz/pijja-palace-los-angeles,Parties >8 require group dining contract; email hi@pijjapalace.com,,Reservations via Resy; Open daily 11am-11pm
9,Botanica Restaurant & Market,Silver Lake,Seasonal Californian / New American,1620 Silver Lake Blvd Los Angeles CA 90026,(323) 522-6106,hello@botanicarestaurant.com,https://www.botanicarestaurant.com/,https://www.yelp.com/biz/botanica-restaurant-and-market-los-angeles,Private events available; seated dinners & lounge-style gatherings; $55/person food minimum; full property buyout available,Up to 100 across full property,Three seating areas: indoor dining room/bar; covered back patio; covered side patio
9,Night + Market Song,Silver Lake,Thai,3322 W Sunset Blvd Los Angeles CA 90026,(323) 665-5899,nightmarketsong@gmail.com,http://www.nightmarketsong.com/,https://www.yelp.com/biz/night-market-song-los-angeles-2,Contact directly for private events; very small restaurant,,James Beard nominated wine list; 3 locations total
9,Bacari Silverlake,Silver Lake,Mediterranean / Venetian Small Plates,3626 Sunset Blvd Los Angeles CA 90026,(323) 986-6763,bacarisilverlake@bacari.us,https://www.bacarisilverlake.com,https://www.yelp.com/biz/bacari-silverlake-los-angeles-3,Full and partial buyouts available; private patio for 20+; wedding hosting available,Up to 100 for events,5th restaurant of Kronfli Brothers family group; gorgeous outdoor patio
9,L&E Oyster Bar,Silver Lake,Seafood / Oyster Bar,1637 Silver Lake Blvd Los Angeles CA 90026,(323) 660-2255,,https://www.leoysterbar.com,https://www.yelp.com/biz/l-and-e-oyster-bar-los-angeles,On-site and off-site events and catering available,,Walk-ins only; no reservations; shucking since 2012
9,The Black Cat,Silver Lake,New American / Gastropub,3909 Sunset Blvd Los Angeles CA 90029,(323) 661-6369,privatediningroom@theblackcatla.com,https://www.theblackcatla.com/,https://www.yelp.com/biz/the-black-cat-los-angeles,Private dining room 'The Back Cat' for 12-30 dinner; up to 45 for receptions/screenings,30 dinner / 45 cocktail,LGBTQIA+ historic site; free parking at Sunset & Hyperion
9,Edendale,Silver Lake,New American,2838 Rowena Ave Los Angeles CA 90039,(323) 666-2000,edendale56@gmail.com,https://theedendale.com/,https://www.yelp.com/biz/edendale-los-angeles,Full and partial buyouts available; large parties up to 14 a la carte; two patios; multiple rooms,,Built in 1924 as Fire Station 56; transitioned to restaurant in 2002
9,Bar Siesta,Silver Lake,Spanish Tapas & Wine,1710 Silver Lake Blvd Los Angeles CA 90026,(323) 284-8325,hola@barsiesta.co,https://barsiesta.co,https://www.yelp.com/biz/bar-siesta-los-angeles,Group dinners $65/pp; full buyouts up to 30 seated / 60 standing indoor / 100 indoor+outdoor; off-site catering available,30 seated / 60 standing indoor / 100 total,Certified 'Restaurant from Spain' by Spanish Embassy; from co-owner of Botanica
9,Seco (Barr Seco),Silver Lake,Cafe & Wine Bar / Mexican-European,3820 Sunset Blvd Los Angeles CA 90026,,,https://resy.com/cities/los-angeles-ca/venues/seco-silverlake,https://www.yelp.com/biz/seco-los-angeles,,,Cafe by day / wine bar by night; from Santo Group (Mexico City); reservations on Resy
9,Santo,Silver Lake,Japanese-Mexican Fusion,3822 Sunset Blvd Los Angeles CA 90026,(323) 745-9288,,https://www.santorestaurants.com/,https://www.yelp.com/biz/sant%C5%8D-los-angeles-3,,"Sushi restaurant with Mexican touches; originated in Mexico City 2019, Silver Lake 2023",
9,Pine & Crane,Silver Lake,Taiwanese,1521 Griffith Park Blvd Los Angeles CA 90026,(323) 668-1128,,https://www.pineandcrane.com/silverlake,https://www.yelp.com/biz/pine-and-crane-los-angeles,No reservations at Silver Lake; DTLA location accommodates 12-20,,No reservations; from same owner as Joy on York
9,Cafe Tropical,Silver Lake,Cuban Cafe,2900 W Sunset Blvd Los Angeles CA 90026,(323) 661-8391,,https://www.tropicalcafela.com/,https://www.yelp.com/biz/cafe-tropical-los-angeles-5,,,Cuban cafe since 1975; Tue-Sun 7am-3pm
9,Playita Mariscos,Silver Lake,Mexican Seafood,3143 Sunset Blvd Los Angeles CA 90026,(323) 928-2028,,https://www.playitamariscos.com/,https://www.yelp.com/biz/playita-mariscos-los-angeles-2,,,From the family behind Guisados; Baja California-style seafood
9,Ceviche Project,Silver Lake,Peruvian / Latin American Ceviche,2524 1/2 Hyperion Ave Los Angeles CA 90027,(323) 522-6744,cevicheprojectla@gmail.com,https://www.cevicheproject.com/,https://www.yelp.com/biz/ceviche-project-los-angeles,,"10 seats at bar, 4+5 small tables",Super tiny raw fish bar; Tue-Sat 4-9pm
9,Marco Polo Trattoria,Silver Lake,Italian,4141 Santa Monica Blvd Los Angeles CA 90029,(323) 486-7176,,https://marcopolola.com/,https://www.yelp.com/biz/marco-polo-trattoria-los-angeles,,,Set within Silver Lake Pool & Inn; seasonal Milan-inspired menu
9,Barbrix Restaurant & Wine Shop,Silver Lake,Mediterranean / Italian,2442 Hyperion Ave Los Angeles CA 90027,(323) 662-2442,,https://www.barbrix.com,https://www.yelp.com/biz/barbrix-restaurant-and-wine-shop-los-angeles,,,May be closed for renovation; 1940s bungalow setting; wine shop
9,Casita del Campo,Silver Lake,Mexican,1920 Hyperion Ave Los Angeles CA 90027,(323) 662-4255,,https://www.casitadelcampo.net/,https://www.yelp.com/biz/casita-del-campo-los-angeles,Multiple private rooms: Red Lounge Room; Chimney Room; Outdoor Space; buffet options,,Silver Lake landmark since 1962; family-owned; glass mosaic tables
9,Hot Tongue,Silver Lake,Vegan Pizza,2590 Glendale Blvd Los Angeles CA 90039,(323) 741-0180,,https://www.hottonguepizza.com/,https://www.yelp.com/biz/hot-tongue-pizza-los-angeles,,,Mostly vegan pizzas; whole pies and slices
9,MidEast Tacos,Silver Lake,Armenian-Mexican Fusion,3536 W Sunset Blvd Los Angeles CA 90026,(323) 800-8226,,https://mideasttacos.com/,https://www.yelp.com/biz/mideast-tacos-los-angeles-4,,,Home of the original falafel taco
9,Omakase by Osen,Silver Lake,Japanese Omakase,3503 Sunset Blvd Los Angeles CA 90026,(323) 426-9455,,https://omakasebyosen.com/,https://www.yelp.com/biz/omakase-by-osen-los-angeles-8,,,Opened October 2022
9,Ruby Fruit,Silver Lake,Bar & Restaurant,3510 Sunset Blvd Los Angeles CA 90026,(323) 522-6323,,https://www.therubyfruit.com/,https://www.yelp.com/biz/the-ruby-fruit-los-angeles,,,First full-time lesbian establishment in LA since 2017; opened 2023
9,Bowery Bungalow,Silver Lake,American,4156 Santa Monica Blvd Los Angeles CA 90029,(323) 663-1500,,https://www.bowerybungalow.com/,https://www.yelp.com/biz/bowery-bungalow-los-angeles,,,Highly rated on Yelp
9,Azizam,Silver Lake,Persian / Middle Eastern,2943 W Sunset Blvd Los Angeles CA 90026,(323) 928-2286,,https://www.azizamla.com/,https://www.yelp.com/biz/azizam-los-angeles,,,Highly rated on Yelp
9,Sonmari,Silver Lake,Korean,3503 Sunset Blvd Los Angeles CA 90026,(323) 741-0001,,,https://www.yelp.com/biz/sonmari-los-angeles,,,New opening 2025/2026
9,Anju House,Silver Lake,Korean,Silver Lake,,,,,,,
9,The Silver Lake House,Silver Lake,American (Thai),1737 Silver Lake Blvd Los Angeles CA 90026,(323) 741-0288,,https://www.thesilverlakehouse.com/,https://www.yelp.com/biz/the-silver-lake-house-los-angeles,,,
9,HomeState,Silver Lake / Highland Park,Tex-Mex,Multiple LA locations,,,https://www.myhomestate.com/,,,,Texas-style breakfast tacos and burritos; multiple locations
9,Tartine Silverlake,Silver Lake,Bakery / Cafe,3921 Sunset Blvd Ste 101 Los Angeles CA 90029,(213) 952-1588,,https://tartinebakery.com/los-angeles/silverlake,https://www.yelp.com/biz/tartine-silverlake-los-angeles-4,,,San Francisco bakery outpost
9,Millie's Cafe,Silver Lake,American / Brunch,3524 W Sunset Blvd Los Angeles CA 90026,(323) 664-0404,,https://www.milliescafela.com/,https://www.yelp.com/biz/millies-cafe-los-angeles,,,
9,LAMILL Coffee,Silver Lake,Cafe / American,1636 Silver Lake Blvd Los Angeles CA 90026,(323) 663-4441,,https://www.lamillcoffee.com/,https://www.yelp.com/biz/lamill-coffee-los-angeles-11,,,Refined breakfast; elegant pastries
9,Blair's Restaurant,Silver Lake / Eagle Rock,Italian,2903 Rowena Ave Los Angeles CA 90039 (SL) / 1948 Colorado Blvd Los Angeles CA 90041 (ER),(323) 660-1882 (SL) / (323) 739-0990 (ER),,https://blairsrestaurant.com/,https://www.yelp.com/biz/blairs-restaurant-los-angeles,,,Honest Italian food; locally sourced; two locations
9,Little Dom's,Los Feliz,Italian-American,2128 Hillhurst Ave Los Angeles CA 90027,(323) 661-0055,parties@littledoms.com,https://www.littledoms.com/,https://www.yelp.com/biz/little-doms-los-angeles-2,Private dining room (former deli space): 40 standing / 26 seated,26 seated / 40 standing,"Classic red-sauce Italian; wood-oven pizzas; breakfast, lunch, dinner"
9,Figaro Bistrot,Los Feliz,French Bistro,1802 N Vermont Ave Los Angeles CA 90027,(323) 662-1587,,https://figarobistrotla.com/,https://www.yelp.com/biz/figaro-bistrot-los-angeles-2,Private room available; catering; group dining,,Parisian fin-de-siecle decor; 100% organic ingredients; zinc bar
9,The Dresden Restaurant & Lounge,Los Feliz,Contemporary American,1760 N Vermont Ave Los Angeles CA 90027,(323) 665-4294,info.thedresden@gmail.com,https://www.thedresden.com/,https://www.yelp.com/biz/the-dresden-los-angeles,White-tablecloth dining room and lounge; contact for private events,,Family-owned Hollywood landmark since 1954; live music nightly; dress code enforced
9,House of Pies,Los Feliz,American Diner,1869 N Vermont Ave Los Angeles CA 90027,(323) 666-9961,,http://houseofpiesla.com/,https://www.yelp.com/biz/house-of-pies-los-angeles,,,Family owned since 1969; open late (1-2am); no alcohol
9,MESSHALL Kitchen,Los Feliz,Regional American,4500 Los Feliz Blvd Los Angeles CA 90027,(323) 660-6377,info@messhallkitchen.com,https://messhallkitchen.com/,https://www.yelp.com/biz/messhall-los-angeles-2,Contact for private events,,Historic building (former Willard's Chicken Inn / Brown Derby); fresh oysters; raw bar
9,Encanto Restaurant,Los Feliz,Baja Mexican Coastal,2121 Hillhurst Ave Los Angeles CA 90027,(323) 741-0140,hello@encantola.com,https://www.encantola.com/,https://www.yelp.com/biz/encanto-restaurant-los-angeles,Private dinners and cocktail receptions; 'The Great Divide' sculpture creates private event space,,Wood-fired asada; fresh ceviche; vibrant seafood
9,All Time,Los Feliz,Contemporary Californian / Cafe,2040 Hillhurst Ave Los Angeles CA 90027,(323) 660-3868,,https://www.alltimelosangeles.com/,https://www.yelp.com/biz/all-time-los-angeles,,,Seasonal menu; reservations via Resy; est. 2018
9,Alcove Cafe & Bakery,Los Feliz,American,1929 Hillhurst Ave Los Angeles CA 90027,(323) 644-0100,info@alcovecafe.com,https://www.alcovecafe.com/,https://www.yelp.com/biz/alcove-cafe-and-bakery-los-angeles,Private event cottage (Craftsman built 1897); modular space with Internet/music/50in TV; hosts showers/birthdays/corporate,,Two historic bungalows (1916 & 1897); garden patios; artisan baked goods
9,Loupiotte Kitchen,Los Feliz,French,1726 N Vermont Ave Los Angeles CA 90027,(323) 445-2738,LoupiotteKitchen@gmail.com,https://www.loupiottekitchen.com/,https://www.yelp.com/biz/loupiotte-kitchen-los-angeles-2,,,Cozy French breakfast and lunch; daily 9am-2:30pm; reservations for 5+
9,Tu Madre,Los Feliz,Creative Mexican,1824 Hillhurst Ave Los Angeles CA 90027,(323) 426-9031,,https://www.tumadre.com/,https://www.yelp.com/biz/tu-madre-los-feliz-los-angeles-3,,,Reimagines Mexican favorites with creative twists
9,Farfalla Trattoria,Los Feliz,Italian,1978 Hillhurst Ave Los Angeles CA 90027,(323) 661-7365,,https://www.trattoriafarfalla.com/,https://www.yelp.com/biz/farfalla-trattoria-los-angeles,,,Beloved Italian spot
9,La Pergoletta,Los Feliz,Italian,1802 Hillhurst Ave Los Angeles CA 90027,(323) 664-8259,,https://www.lapergoletta.com/,https://www.yelp.com/biz/la-pergoletta-los-angeles-4,,,
9,Home Restaurant - Los Feliz,Los Feliz,American,1760 Hillhurst Ave Los Angeles CA 90027,(323) 990-8016,,https://www.homerestaurantla.com/,https://www.yelp.com/biz/home-restaurant-los-feliz-los-angeles,,,
9,Alley on Vermont (Alley Steakhouse),Los Feliz,Modern Steakhouse,1816 N Vermont Ave Ste A Los Angeles CA 90027,(323) 284-8722,,https://alleyonvermont.com/,https://www.yelp.com/biz/alley-steakhouse-los-angeles-2,Private and semi-private dining; customizable catering for corporate/weddings/celebrations,,Premium cuts; fresh seafood; craft cocktails
9,Old Gold Tomato Pies,Los Feliz / East Hollywood,Sicilian Pizza,4681 Hollywood Blvd Los Angeles CA,,,https://oldgoldtomatopies.com/,https://www.yelp.com/biz/old-gold-tomato-pies-los-angeles,,,Sicilian-style slices; seasonal vegetables; Chef Jeff Vance (StarChefs Rising Star)
9,Goldburger,Los Feliz / Highland Park,Smash Burgers,1820 N Vermont Ave Los Angeles CA (LF) / 5623 York Blvd Los Angeles CA 90042 (HP),(323) 922-1020 (LF) / (323) 274-4303 (HP),,https://www.goldburgerla.com/,https://www.yelp.com/biz/goldburger-los-angeles,,,Grass-fed smash burgers; started as 2019 pop-up; multiple locations
9,Sogo Roll Bar,Los Feliz,Japanese Hand Rolls,4634 Hollywood Blvd Los Angeles CA 90027,(323) 741-0088,,https://www.sogorollbar.com/,https://www.yelp.com/biz/s%C5%8Dgo-roll-bar-los-angeles-2,,,Creative hand roll fillings; also near Highland Park
9,Roji Sushi,Los Feliz,Japanese / Sushi,1816 N Vermont Ave Los Angeles CA 90027,(323) 284-8607,,https://rojilosfeliz.com/,https://www.yelp.com/biz/roji-sushi-los-angeles,,,Freshly imported fish; sushi and omakase
9,Casa Leo,Los Feliz,Spanish-Inspired,4500 Los Feliz Blvd Ste C Los Angeles CA 90027,(323) 284-8990,,https://www.casaleola.com/,https://www.yelp.com/biz/casa-leo-los-angeles,,,Ingredient-focused Spanish concept
9,Wilde's,Los Feliz,British-Inspired,1850 Hillhurst Ave Los Angeles CA 90027,(323) 284-8178,,https://www.wildesla.com,https://www.yelp.com/biz/wildes-los-angeles,,,New opening late 2025; meat pies; bangers & mash; Welsh rarebit; natural wines
9,Tam O'Shanter,Los Feliz / Atwater Village,Scottish Steakhouse,2980 Los Feliz Blvd Los Angeles CA 90039,(323) 664-0228,tamevents@lawrysonline.com,https://www.lawrysonline.com/tam-o-shanter/,https://www.yelp.com/biz/tam-o-shanter-los-angeles-2,Six indoor/outdoor event spaces; no site fee; prix fixe/hors d'oeuvres/beverage packages,10-200 guests; Bonnie Prince Charlie Room: 60 ceremony / 90 dinner / 120 standing,LA's oldest restaurant by same family in same location; founded 1922; Lawry's family
9,Taix French Restaurant,Echo Park,French,1911 W Sunset Blvd Los Angeles CA 90026,(213) 484-1265,info@taixfrench.com,https://taixfrench.com/,https://www.yelp.com/biz/taix-french-country-cuisine-los-angeles,Multiple banquet halls; open and private dining rooms; cocktail lounge (321 Lounge),,CLOSING END OF MARCH 2026; founded 1927; may reopen in new development in 3-4 years
9,Morihiro,Echo Park,Japanese Omakase / Sushi,1115 W Sunset Blvd Los Angeles CA 90012,(213) 737-1588,morihirosunset@gmail.com,https://morionodera.com/,https://www.yelp.com/biz/morihiro-los-angeles-5,,4 omakase seats at bar per night; additional a la carte seating,Michelin One Star; relocated from Atwater Village; omakase $400; reservations online
9,Guisados,Echo Park,Mexican / Tacos,1261 W Sunset Blvd Los Angeles CA 90026,(213) 250-7600,,https://www.guisados.la/,https://www.yelp.com/biz/guisados-los-angeles-3,,,Handmade tortillas; originated in Boyle Heights 2010; 5 locations
9,Masa of Echo Park,Echo Park,Pizza / American Cafe,1800 W Sunset Blvd Los Angeles CA 90026,(213) 989-1558,,https://masaofechopark.com/,https://www.yelp.com/biz/masa-of-echo-park-los-angeles,,,Chicago Deep Dish Pizza; bakery and cafe; family-style dishes from scratch
9,El Compadre,Echo Park,Mexican,1449 W Sunset Blvd Los Angeles CA 90026,(213) 250-4505,,https://www.elcompadrerestaurant.com/,https://www.yelp.com/biz/el-compadre-los-angeles-9,,,Family owned since 1975; also Hollywood location; traditional Mexican
9,Button Mash,Echo Park,Asian-Fusion / Barcade,1391 W Sunset Blvd Los Angeles CA 90026,(213) 250-9903,,https://www.buttonmashla.com/,,,90 seats total,PERMANENTLY CLOSED (closed 9/29); was arcade bar with Bavel alum chef
9,Pizza Buona,Echo Park,Pizza / Italian,922 N Alvarado St Ste C Los Angeles CA 90026,(213) 413-0800,INFO@PIZZABUONALA.COM,https://pizzabuonala.com/,https://www.yelp.com/biz/pizza-buona-los-angeles-2,,,Original Echo Park/Silver Lake pizzeria since 1959; family owned
9,El Ruso,Echo Park / Los Feliz,Sonoran-Style Tacos,1647 W Sunset Blvd Los Angeles CA 90026 (EP) / 2081 Hillhurst Ave (LF),(213) 502-1272,,https://elrusola.weebly.com/,https://www.yelp.com/biz/el-ruso-los-angeles-9,,,Sonora-style taco specialist; handmade tortillas; multiple locations
9,Henrietta,Echo Park,Italian Deli / Neighborhood Restaurant,343 Glendale Blvd Los Angeles CA 90026,(323) 272-6646,,https://www.henriettala.com/,https://www.yelp.com/biz/henrietta-los-angeles,,,New 2025; market-driven deli and kitchen; Echo Park Village
9,Gigi's Bakery and Cafe,Echo Park,Salvadoran Bakery,2200 W Temple St Los Angeles CA 90026,(213) 483-6152,,,https://www.yelp.com/biz/gigis-bakery-and-caf%C3%A9-los-angeles-2,,,Famous for Salvadoran tamales; lines start at 6:30am
9,Granada,Echo Park,Cafe,1451 Carroll Ave Los Angeles CA 90026,(323) 379-2573,,https://www.granada-la.com/,https://www.yelp.com/biz/granada-los-angeles,,,Coffee in a backyard-like setting
9,Ramona Room,Echo Park,Amaro Bar / Cuban,2135 Sunset Blvd Los Angeles CA 90026,,,https://www.theramonaroom.com/,https://www.yelp.com/biz/ramona-room-los-angeles,,,Moody amaro bar; great cubano sandwich
9,Men & Beasts,Echo Park,Vegan Chinese / Tea Shop,2100 W Sunset Blvd Los Angeles CA 90026,(213) 262-1781,,https://menandbeasts.com/,https://www.yelp.com/biz/men-and-beasts-los-angeles-2,,,Vegan Chinese food; tea shop; from Miami
9,Hippo (HiPPO),Highland Park,Italian / Californian,5916 1/2 N Figueroa St Los Angeles CA 90042,(323) 545-3536,hello@hipporestaurant.com,https://www.hipporestaurant.com/,https://www.yelp.com/biz/hippo-los-angeles-3,Events from 8 to 140+ guests; book 'big parties' on Resy for 8+,8-140+,James Beard Award-Winning Chef Matt Molina; former Highland Park Post Office; handmade pastas
9,Checker Hall,Highland Park,Mediterranean / Wine Bar,104 N Ave 56 2nd Floor Los Angeles CA 90042,(323) 826-7367,info@checkerhall.com,https://www.checkerhall.com/,https://www.yelp.com/biz/checker-hall-los-angeles,Events 1-20 book direct; 21+ email; event pricing $2k-$15k,21+ guests for private events,Restored Masonic Hall; designed by Design Bitches; 2nd floor location
9,Triple Beam Pizza,Highland Park,Roman-Style Pizza,5918 N Figueroa St Highland Park CA 90042,(323) 545-3534,highlandpark@triplebeampizza.com,https://www.triplebeampizza.com/,https://www.yelp.com/biz/triple-beam-pizza-los-angeles,,,Nancy Silverton & Matt Molina; scissor-sliced pies; beer + wine
9,Villa's Tacos,Highland Park,Mexican / Blue Corn Tacos,5455 N Figueroa St Los Angeles CA 90042 (flagship),(818) 741-8011,,https://www.villastacos.com/,https://www.yelp.com/biz/villas-tacos-los-angeles,,,Blue corn masa tortillas; featured on Netflix Taco Chronicles; 3 locations
9,Highly Likely,Highland Park,All-Day Cafe / American,5526 N Figueroa St Los Angeles CA 90042,(323) 207-1770,hello@highlylikely.com,https://www.itshighlylikely.com/,https://www.yelp.com/biz/highly-likely-los-angeles-2,Private events for 15+ guests; submit request on website; catering available,,All-day cafe that flips to dinner; outstanding backyard patio; no laptops after 5pm
9,Joy on York,Highland Park,Taiwanese,5100 York Blvd Los Angeles CA 90042,(323) 999-7642,joymanagement@pineandcrane.com,https://www.joyonyork.com/,https://www.yelp.com/biz/joy-los-angeles-11,,,Chef/Owner Vivian Ku (also Pine & Crane); regional Taiwanese; 12-10pm daily
9,El Huarache Azteca,Highland Park,Mexican,5225 York Blvd Los Angeles CA 90042,(323) 478-9572,,https://elhuaracheaztecalive.com/,https://www.yelp.com/biz/el-huarache-azteca-los-angeles-6,,,Family-run; barbacoa weekends; huaraches daily; vegan/vegetarian options; 8am-8pm
9,Amiga Amore,Highland Park,Mexican-Italian Fusion ('Mexitalian'),5668 York Blvd Los Angeles CA 90042,(323) 739-0894,,https://www.amigaamorela.com/,https://www.yelp.com/biz/amiga-amore-los-angeles,Private dinner catering available,,Tiny spot; oxtail birria lasagna; Wed-Sun
9,Yi Cha,Highland Park,Modern Korean Pub,5715 N Figueroa St Ste 101 Los Angeles CA 90042,(323) 274-4307,,https://www.yicha-la.com/,https://www.yelp.com/biz/yicha-los-angeles,,,Chef Debbie Lee; Korean pub concept; craft soju cocktails; open late Fri-Sat
9,Maciel's Plant-Based Butcher & Deli,Highland Park,Vegan Deli / Mexican-Inspired,5933 York Blvd Los Angeles CA 90042,(213) 537-5120,hello@macielsplantbutcher.com,https://www.macielsplantbutcher.com/,https://www.yelp.com/biz/maciel-s-plant-based-butcher-and-deli-los-angeles,,,LA's first vegan butcher shop; house-made plant meats; nothing over $15
9,Cow Belly Modern Dining,Highland Park,Modern Comfort Food,6101 York Blvd Los Angeles CA 90042,(323) 470-5331,,https://cow-belly.com/,https://www.yelp.com/biz/cow-belly-modern-dining-los-angeles,Catering; can host events at restaurant,,New 2025; elevated comfort food; locally sourced
9,Rosty,Highland Park,Peruvian,5511 N Figueroa St Los Angeles CA 90042,(323) 568-1220,,https://www.rostyperuvian.com,https://www.yelp.com/biz/rosty-los-angeles,,,Highly rated on Yelp
9,Jane,Highland Park,Cafe / American,5830 York Blvd Los Angeles CA 90042,(323) 675-1093,,,https://www.yelp.com/biz/jane-los-angeles-3,,,Highly rated on Yelp
9,Mala Class,Highland Park,Chinese / Sichuan,5816 York Blvd Los Angeles CA 90042,(323) 739-0818,,https://malaclass.com/,https://www.yelp.com/biz/mala-class-los-angeles,,,
9,Gloria's Cuisine LA,Highland Park,Latin American / American Cafe,231 N Ave 50 Los Angeles CA 90042,(323) 739-0400,,https://www.gloriascuisinela.com/,https://www.yelp.com/biz/glorias-cuisine-la-los-angeles-2,,,
9,Kuyas,Highland Park,Filipino,5537 N Figueroa St Los Angeles CA 90042,,,,,https://www.yelp.com/biz/kuyas-los-angeles,,
9,Wildcrust,Eagle Rock,Wood-Fired Sourdough Pizza,4705 York Blvd Unit 3 Los Angeles CA 90042,(213) 671-4364,,https://www.wildcrustla.com/,https://www.yelp.com/biz/wildcrust-los-angeles,,,48-hour fermented dough; Neapolitan techniques; Chef Miles Okabayashi; Tue-Sun 5-10pm
9,Queen's Raw Bar & Grill,Eagle Rock,Southern Seafood / Raw Bar,4701 York Blvd Los Angeles CA 90042,(213) 521-8878,,https://queensrawbar.com,https://www.yelp.com/biz/queens-raw-bar-and-grill-los-angeles-2,,,From Found Oyster team; sustainably sourced; wood-fired grill; Southern seafood
9,Kusina Filipina,Eagle Rock,Filipino,4157 Eagle Rock Blvd Ste 1 Los Angeles CA 90065,(323) 229-0228,,https://kusinafilipinalosangeles.mybistro.online/,https://www.yelp.com/biz/kusina-filipina-los-angeles-los-angeles,,,Authentic Filipino; chefs from Philippines with 25+ years experience; live events
9,Skaf's on York,Eagle Rock,Lebanese,4753 York Blvd Los Angeles CA 90042,(323) 474-6069,,https://skafsonyork.com/,https://www.yelp.com/biz/skaf-s-on-york-los-angeles,,,"Family-owned since 1999; dips, salads, skewers, shawarma"
9,Lola Cafe,Eagle Rock,Mexican-American,2040 Colorado Blvd Los Angeles CA 90041,,,,,https://www.yelp.com/biz/lola-cafe-los-angeles,,
9,Ine,Eagle Rock,Japanese,4672 York Blvd Los Angeles CA 90041,(213) 826-2294,,https://inerestaurant.com/,https://www.yelp.com/biz/ine-los-angeles,,,Top rated on Yelp
9,Xecora,Eagle Rock,Mexican,2256 Colorado Blvd Ste 105 Los Angeles CA 90041,(323) 258-4303,,https://www.xecoraoficial.com/,https://www.yelp.com/biz/xecora-los-angeles-los-angeles,,,Top rated on Yelp
9,Viet Tapas Bar,Eagle Rock,Vietnamese,1661 Colorado Blvd Los Angeles CA 90041,(213) 589-1491,,,https://www.yelp.com/biz/viet-tapas-bar-los-angeles,,,Top rated on Yelp
9,Malbec Market,Eagle Rock,Argentine / Italian,1632 Colorado Blvd Eagle Rock CA 90041,(323) 274-4504,,https://malbec-market.com/,https://www.yelp.com/biz/malbec-market-eagle-rock-2,,,
9,Armon's Restaurant,Eagle Rock,American / Thai-American Diner,5056 Eagle Rock Blvd Los Angeles CA 90041,(323) 478-1440,,,https://www.yelp.com/biz/armons-restaurant-los-angeles,,,Old-school diner with Thai-American dishes
9,Cindy's,Eagle Rock,American Diner,1500 Colorado Blvd Los Angeles CA 90041,(323) 257-7375,,https://www.cindyseaglerock.com/,https://www.yelp.com/biz/cindys-eagle-rock-restaurant-los-angeles-2,,,Classic diner with great atmosphere
9,Angel's Tacos,Eagle Rock,Mexican / Tacos,4211 Eagle Rock Blvd Los Angeles CA 90065,,,,,https://www.yelp.com/biz/angel-s-tijuana-tacos-los-angeles,,
9,Eagle Rock Italian,Eagle Rock,Italian Deli,1726 Colorado Blvd Los Angeles CA 90041,(323) 255-8224,,https://eribdeli.com/,https://www.yelp.com/biz/eagle-rock-italian-bakery-and-deli-los-angeles,,,Sandwiches; cannoli pastry cases
9,BeeWali's Vegan AF,Eagle Rock,Middle Eastern-Indian Vegan,4862 Eagle Rock Blvd Los Angeles CA 90041,(323) 289-2660,,https://www.beewalisveganaf.com/,https://www.yelp.com/biz/beewali-s-vegan-af-los-angeles,,,Great meatless kebabs
9,Aunt Yvette's Kitchen,Eagle Rock,Ethiopian,1743 Colorado Blvd Los Angeles CA 90041,(323) 274-4476,,,https://www.yelp.com/biz/aunt-yvette-s-kitchen-los-angeles,,,
9,Dune,Atwater Village,Mediterranean / Falafel,3143 Glendale Blvd Los Angeles CA 90039,(323) 486-7073,,https://www.dunekitchen.com/,https://www.yelp.com/biz/dune-los-angeles,,,Tiny Mediterranean spot; some of LA's best falafel; opened 2015
9,Holy Basil,Atwater Village,Thai,3170 Glendale Blvd Unit C Los Angeles CA 90039,(323) 283-9883,,https://holybasil-la.com/atwater,https://www.yelp.com/biz/holy-basil-los-angeles-2,,,No phone contact (email only); Bangkok chef Deau and Joy; intimate; reservations on OpenTable/Resy
9,Spina,Atwater Village,Italian,3193 Glendale Blvd Los Angeles CA 90039,,,https://www.spina-losangeles.com/,https://www.yelp.com/biz/spina-los-angeles,,,Walk-in only; no reservations; housemade pastas; open kitchen; Chef Pablo Cruz
9,Bar Sinizki,Atwater Village,European Bistro,3147 Glendale Blvd Los Angeles CA 90039,(323) 284-8419,,https://sinizki.com/,https://www.yelp.com/biz/bar-sinizki-los-angeles,,,All-day bistro; European travel brochure vibe
9,Momed,Atwater Village,Mediterranean / Eastern Mediterranean-North African,3245 Casitas Ave Los Angeles CA 90039,(323) 522-3488,maurianna.c@atmomed.com,https://www.atmomed.com/,https://www.yelp.com/biz/momed-los-angeles-6,,,Michelin Guide listed; since 2010; seasonal farm-to-table
9,All'Acqua,Atwater Village,Italian / Pan-Italian,3280 Glendale Blvd Los Angeles CA 90039,(323) 663-3280,,https://www.allacquarestaurant.com/,https://www.yelp.com/biz/allacqua-los-angeles-2,Private events via Tock inquiry form,,'Atwater' in Italian; wood-fired pizzas; handmade pastas
9,Lingua Franca,Atwater Village,Contemporary Californian American,2990 Allesandro St Los Angeles CA 90039,(323) 522-3725,lauren@linguafrancaco.com,https://www.linguafrancaco.com/,https://www.yelp.com/biz/lingua-franca-los-angeles,,,"On LA River Bike Path; Chef Peter Lemos (Chopped, Craft, SPQR)"
9,The Morrison,Atwater Village,Gastropub / Scottish,3179 Los Feliz Blvd Los Angeles CA 90039,(323) 667-1839,info@themorrisonla.com,https://morrisonatwater.com/,https://www.yelp.com/biz/morrison-atwater-village-los-angeles,Suitable for special events; contact directly,,Dog-friendly; 40+ craft beers on draught; modern Scottish pub
9,Hail Mary Pizza,Atwater Village,Sourdough Pizza,3219 Glendale Blvd Los Angeles CA 90039,(323) 284-8879,,https://www.hailmarypizzala.com/,https://www.yelp.com/biz/hail-mary-pizza-los-angeles,,,Wild yeast + organic grains; LA's version of a neighborhood pizza spot
9,Tacos Villa Corona,Atwater Village,Mexican / Tacos & Burritos,3185 Glendale Blvd Los Angeles CA 90039,(323) 661-3458,,https://www.tacosvillacorona.net/,https://www.yelp.com/biz/tacos-villa-corona-los-angeles,,,Outstanding breakfast burritos; walk-up window; 6am-3pm; also Eagle Rock location
9,Proof Bakery,Atwater Village,Bakery / Cafe,3156 Glendale Blvd Los Angeles CA 90039,(323) 664-8633,orders@proofbakeryla.com,https://www.proofbakery.com,https://www.yelp.com/biz/proof-bakery-los-angeles,,,Worker-owned cooperative; excellent morning/afternoon pastries
9,Giamela's Submarine Sandwiches,Atwater Village,Italian Deli / Sandwiches,3178 Los Feliz Blvd Los Angeles CA 90039,(323) 661-9444,,https://www.giamelas.com/,https://www.yelp.com/biz/giamelas-submarine-sandwiches-los-angeles,,,"Italian subs, pizza, pasta since 1964; multiple locations"
9,McCall's Meat & Fish Co.,Atwater Village,Butcher / Deli / Prepared Foods,3141 Glendale Blvd Los Angeles CA 90039,(323) 667-0674,info@mccallsmeatandfish.com,https://www.mccallsmeatandfish.com,https://www.yelp.com/biz/mccalls-meat-and-fish-company-los-angeles,,,Gourmet family-owned market; focaccia sandwiches; sells out after 2pm; since 2010
9,Bon Vivant Market & Cafe,Atwater Village,American / French-Inspired,3155 Glendale Blvd Los Angeles CA 90039,(323) 284-8013,,https://bonvivantmarketcafe.com/,https://www.yelp.com/biz/bon-vivant-market-and-cafe-atwater-village,,,Top rated on Yelp
9,Baracoa Cuban Cafe,Atwater Village,Cuban,3175 Glendale Blvd Los Angeles CA 90039,(323) 665-9590,,https://baracoacubancafe.net/,https://www.yelp.com/biz/baracoa-cuban-cafe-los-angeles,,,Top rated on Yelp
9,The Kebab Shop,Atwater Village,Mediterranean / Kebabs,2921 Los Feliz Blvd Los Angeles CA 90039,(323) 488-8818,,https://www.thekebabshop.com/locations/ca/los-angeles/atwater-village/,https://www.yelp.com/biz/the-kebab-shop-los-angeles-10,,,Top rated on Yelp
9,Michelangelo Ristorante,Atwater Village,Italian,2742 Rowena Ave Los Angeles CA 90039,(323) 660-4843,,https://michelangelo-silverlake.com/,https://www.yelp.com/biz/michelangelo-ristorante-los-angeles-2,,,Top rated on Yelp
9,The San Fernando,Atwater Village,,Atwater Village,,,,,,,
9,Tacos Don Cuco,East Los Angeles,Mexican / Tijuana-Style Tacos,752 S Fetterly Ave East Los Angeles CA 90022,(323) 594-3344,,https://tacosdoncuco.com/,https://www.yelp.com/biz/tacos-don-cuco-east-los-angeles,,,Tijuana-style; mesquite-grilled meats; birria de lengua; 6 locations; open 5pm-11:30pm
9,King Taco,East Los Angeles,Mexican Fast Food,4504 E 3rd St Los Angeles CA 90022,(323) 264-4067,,https://kingtaco.com/,https://www.yelp.com/biz/king-taco-los-angeles-7,,,Founded 1974; flagship East LA location; food truck on-site; 22 locations; open late
9,El Tepeyac Cafe,East Los Angeles / Boyle Heights,Mexican,812 N Evergreen Ave Los Angeles CA 90033,(323) 268-1960,,https://www.eltepeyaccafe.com/,https://www.yelp.com/biz/el-tepeyac-cafe-los-angeles-3,,,Founded 1942; Hollenbeck Burrito; Manuel's 5-lb burrito challenge
9,La Azteca Tortilleria,East Los Angeles,Mexican / Burritos,287 S Atlantic Blvd Ste B East Los Angeles CA 90022,(323) 306-8100,,https://laaztecatortilleria.site/,https://www.yelp.com/biz/la-azteca-tortillera-east-los-angeles,,,Originally 1945; Best Burrito awards; chile relleno burrito; Tue-Fri 6am-4pm
9,La Diosa de Los Moles,East Los Angeles,Mexican / Mole Specialist,East Los Angeles,,,,,,,Top rated on Yelp
9,La Carreta,East Los Angeles,Mexican,4538 1/2 E Cesar E Chavez Ave Los Angeles CA 90022,(323) 261-1365,,,https://www.yelp.com/biz/la-carreta-los-angeles-4,,,Top rated on Yelp
9,Lupe's Burritos,East Los Angeles,Mexican / Burritos,4642 E 3rd St Los Angeles CA 90022,(323) 266-6881,,https://lupesburritos.shop/,https://www.yelp.com/biz/lupes-burritos-los-angeles,,,Top rated on Yelp
9,Tacos El Grillo,East Los Angeles,Mexican / Tacos,469 S Atlantic Blvd East Los Angeles CA 90022,(323) 456-9979,,,https://www.yelp.com/biz/tacos-el-grillo-east-los-angeles,,,Top rated on Yelp
9,Kalaveras,East Los Angeles / Montebello,Contemporary Mexican,854 N Garfield Ave Montebello CA 90640,(323) 728-7492,,https://kalaveras.com/montebello/,https://www.yelp.com/biz/kalaveras-montebello,,,Fusion traditional/contemporary Mexican; fast casual
9,Mi Lindo Guanajuato,East Los Angeles,Mexican,3501 E 1st St East Los Angeles CA 90063,(323) 968-1331,,https://losangelesmenudo.com/,https://www.yelp.com/biz/mi-lindo-guanajuato-east-los-angeles,,,Top rated on Yelp
10,Nobu Malibu,Malibu (Carbon Beach / PCH),Japanese / Sushi,"22706 Pacific Coast Hwy, Malibu, CA 90265",(310) 317-9140,malibu@noburestaurants.com,https://www.noburestaurants.com/malibu,https://www.yelp.com/biz/nobu-malibu-malibu-4,"6,000 sq ft for full restaurant buyout. Private Fireplace Patio (most sought-after space). Private Dining Room seats 24. Fireplace Patio seats 50. Combined PDR + Patio seats 80. Must book 3 months in advance. F&B minimums start at $3,000. 5% Events Fee added.",80 (combined private spaces); full buyout available,"Crown jewel of Malibu dining. Chef Nobu Matsuhisa. Reopened early 2026. Reservations by phone only, 1 month in advance. Mon-Thu & Sun 12-10pm; Fri-Sat 12-11pm."
10,Geoffrey's Malibu,Malibu (PCH),California / Mediterranean / Seafood,"27400 Pacific Coast Hwy, Malibu, CA 90265",(310) 457-1519,geoffreysmalibu@gmail.com,https://www.geoffreysmalibu.com,https://www.yelp.com/biz/geoffreys-malibu-malibu,"Semi-Private Area for 2-30 guests. Partial Restaurant (Patio, Garden, or Point) for 15-50 guests with prix fixe menus. Full Restaurant Buyout for 60+ guests (max 180 sit-down dinner, 200 tray-passed). Wedding ceremonies available.",180 (sit-down); 200 (reception),"Est. 1948, formerly Holiday House. Frank Sinatra & Marilyn Monroe were regulars. Richard Neutra-designed. Panoramic ocean views. Mon-Thu 11:30am-8:30pm; Fri 11:30am-9pm; Sat 10am-9pm; Sun 10am-8:30pm."
10,Mastro's Ocean Club,Malibu (PCH near Topanga),Seafood / Steakhouse,"18412 Pacific Coast Hwy, Malibu, CA 90265",(310) 454-4357,,https://www.mastrosrestaurants.com/location/mastros-ocean-club-malibu/,https://www.yelp.com/biz/mastros-ocean-club-malibu-4,"The Mastro Room (private dining overlooking Pacific). Upper Terrace (retractable roof, lounge). Lower Terrace (fire features, heated floors). Upper + Lower terraces combinable. Full restaurant buyout available. Up to 190 guests for events.",200 (max); 120 (main dining room),Upscale dress code enforced. Mon-Thu 5-9pm; Fri 5-10pm; Sat 11am-2:30pm & 4-10pm; Sun 11am-2:30pm & 4-9pm. 4.8 stars on OpenTable.
10,Lucky's Malibu,Malibu (Cross Creek / Country Mart),Steakhouse / American,"3835 Cross Creek Rd, Ste 18, Malibu, CA 90265",(310) 317-0099,,https://www.luckys-steakhouse.com/malibu,https://www.yelp.com/biz/luckys-malibu-malibu,Contact restaurant for private dining and events.,,"Old-Hollywood atmosphere. Part of Lucky's chain (Montecito, Soho, East Hampton). Lunch Mon-Fri 11:30am-3pm; Dinner Sun-Thu 5-9pm, Fri-Sat til 10pm; Brunch Sat 11:30am-10pm, Sun 10am-3pm."
10,The Sunset Restaurant,Malibu (Zuma Beach / Point Dume),New American / Seafood,"6800 Westward Beach Rd, Malibu, CA 90265",(310) 589-1007,,https://thesunsetrestaurant.com,https://www.yelp.com/biz/the-sunset-restaurant-malibu,"Private rooms for 30, 35, and 70 guests. Over 70 guests requires full buyout. Private patio seats 36. Corporate events, seminars, rehearsal dinners, weddings, filming, car events.",70 (private rooms); full buyout for larger,Historic beach bungalow on Zuma Beach. Mon-Thu 11:45am-8:30pm; Fri 11:45am-9:30pm; Sat 10:30am-9:30pm; Sun 10:30am-8:30pm.
10,Duke's Malibu,Malibu (PCH),Hawaiian / Seafood / American,"21150 Pacific Coast Hwy, Malibu, CA 90265",(310) 317-0777,,https://www.dukesmalibu.com,https://www.yelp.com/biz/dukes-malibu-malibu-2,"Two private event rooms with ocean views. One intimate space for up to 24 (social or boardroom). Plated, buffet, or family-style menus. Private 4-BR/3-BA apartment for 8 guests with ocean-front deck.",24 (private room); full buyout available,TEMPORARILY CLOSED as of Feb 2026 (Barefoot Bar reopening soon). Inspired by Duke Kahanamoku. Opened 1996. When open: Mon-Thu 11:30am-9pm; Fri-Sat 11:30am-9:30pm; Sun 10am-9pm.
10,Paradise Cove Beach Cafe,Malibu (Paradise Cove / PCH),American / Seafood,"28128 Pacific Coast Hwy, Malibu, CA 90265",(310) 457-2503,,https://www.paradisecovemalibu.com,https://www.yelp.com/biz/paradise-cove-beach-cafe-malibu-7,"Private parties and events welcome; fill out online form. Under 25 guests, make reservation on OpenTable or call. Private beach, BBQ pits, beach cabanas available.",Varies,Only Malibu restaurant literally on the beach with private cove. Beach hours 8am-sundown; Cafe 8am-closing. Free beach parking with dining.
10,Broad Street Oyster Company,Malibu (PCH near Civic Center),Seafood / Raw Bar,"23359 Pacific Coast Hwy, Malibu, CA 90265",(424) 644-0131,info@broadstreetoyster.com,https://www.broadstreetoyster.com,https://www.yelp.com/biz/broad-street-oyster-company-malibu-2,,,"Est. 2017 by Christopher Tompkins. Famous lobster rolls, oysters, seafood platters. Planted permanent roots in Malibu 2019. Mon-Sun 11am-8pm."
10,Clark's Oyster Bar,Malibu (Cross Creek Ranch / Civic Center),Seafood / Raw Bar / American,"23465 Civic Center Way, Ste 210, Malibu, CA 90265",(310) 879-8508,malibuevents@clarksoysterbar.com,https://www.clarksoysterbar.com/locations/malibu,https://www.yelp.com/biz/clarks-oyster-bar-malibu,,,"Originally from Austin (est. 2012). Freshly shucked oysters, lobster rolls, crudo, caviar, signature burger. Lunch daily 11:30am-3pm; Happy Hour Mon-Fri 3-5pm; Dinner Sun-Thu 4-9pm, Fri-Sat 4-10pm."
10,Malibu Farm Restaurant,Malibu (Malibu Pier),Farm-to-Table / Californian,"23000 Pacific Coast Hwy, Malibu, CA 90265",(310) 456-8850,pier@malibu-farm.com,https://www.malibu-farm.com/malibu-pier/,https://www.yelp.com/biz/malibu-farm-restaurant-malibu,Prefix events for small groups. Private events in restaurant dining room. Off-site events and catering available.,,"Full-service restaurant at start of pier with full bar. Organic, locally-sourced. Mon-Thu 9am-7pm; Fri-Sun 9am-8pm. Est. 2013."
10,Malibu Farm Pier Cafe,Malibu (Malibu Pier),Farm-to-Table / Californian / Cafe,"23000 Pacific Coast Hwy (end of pier), Malibu, CA 90265",(310) 456-8850,pier@malibu-farm.com,https://www.malibu-farm.com/malibu-pier/,https://www.yelp.com/biz/malibu-farm-pier-cafe-malibu,,,"Counter-service cafe at end of pier, over the Pacific Ocean. Casual, lighter fare."
10,Taverna Tony,Malibu (Civic Center / Country Mart area),Greek,"23410 Civic Center Way, Malibu, CA 90265",(310) 317-9667,,https://www.tavernatony.com,https://www.yelp.com/biz/taverna-tony-malibu-2,Catering for birthday parties and events available. Contact directly for private dining. Reservations via Resy.,,"Over 30 years in Malibu. Live band Thu-Sun evenings, belly dancing Fri-Sat. Indoor-outdoor seating. Mon-Thu 11:30am-9pm; Fri 11:30am-11pm; Sat 11am-11pm; Sun 11am-9pm."
10,Tra di Noi Ristorante,Malibu (Cross Creek / Country Mart),Italian,"3835 Cross Creek Rd, Ste 8A, Malibu, CA 90265",(310) 456-0169,,http://tradinoimalibu.com,https://www.yelp.com/biz/tra-di-noi-malibu,Contact restaurant directly for private dining inquiries.,,"Handmade pasta daily. Over 500 wines from CA, Italy, France. Indoor and outdoor seating. Mon-Sun 12-9pm. 4.6 stars OpenTable."
10,Cafe Habana,Malibu (Cross Creek / Lumber Yard),Cuban / Mexican / Latin,"3939 Cross Creek Rd, Malibu, CA 90265",(310) 317-0300,,https://www.cafehabana.com,https://www.yelp.com/biz/cafe-habana-malibu-3,,,"Est. 1998 (NYC original). Famous grilled corn, Cuban sandwiches, cocktails. Beautiful patio. Mon-Sun 11am-9pm."
10,OLLO,Malibu (Malibu Colony Plaza / PCH),Californian / Mediterranean / Farm-to-Table,"23750 Pacific Coast Hwy, Ste 100, Malibu, CA 90265",(310) 317-1444,,https://www.ollomalibu.com,https://www.yelp.com/biz/ollo-malibu,,,"All-day dining: breakfast, brunch, lunch, dinner. Fresh pasta, pizza with Italian-sourced ingredients. Mon-Fri 8am-9pm; Sat 9am-9pm."
10,Zinque Malibu,Malibu (Malibu Rd),French-Inspired / All-Day Cafe,"23841 Malibu Rd, Space 21, Malibu, CA 90265",(424) 644-0730,events@lezinque.com,https://lezinque.com/malibu,https://www.yelp.com/biz/zinqu%C3%A9-malibu,,,"Paris-inspired zinc countertop cafe. Small plates, craft cocktails, curated wine. Petanque court. Sun-Thu 7am-11pm; Fri-Sat 7am-12am. Happy Hour Mon-Fri 4-6pm."
10,Neptune's Net,Malibu (Far West PCH / County Line),Seafood / American,"42505 Pacific Coast Hwy, Malibu, CA 90265",(310) 457-3095,info@neptunesnet.com,https://neptunesnet.com,https://www.yelp.com/biz/neptunes-net-malibu-6,,,"Iconic since 1956. Featured in Point Break, Fast & Furious, Iron Man 3. No reservations. Two kitchens. Mon-Fri 10:30am-7pm; Sat-Sun 10am-7pm."
10,Malibu Seafood Fresh Fish Market & Patio Cafe,Malibu (PCH near Malibu Canyon),Seafood / Fish Market,"25653 Pacific Coast Hwy, Malibu, CA 90265",(310) 456-3430,,https://www.malibuseafood.com,https://www.yelp.com/biz/malibu-seafood-fresh-fish-market-and-patio-cafe-malibu,,,"Est. 1972. Owned by commercial fishermen. Fresh fish market + patio cafe with ocean views. Mon-Sun 11am-7pm. Cash-friendly, casual."
10,The Country Kitchen,Malibu (Eastern Malibu / PCH),American / Breakfast / Burgers,"21239 Pacific Coast Hwy, Malibu, CA 90265",(310) 456-8708,,https://thecountrykitchenmalibu.com,https://www.yelp.com/biz/the-country-kitchen-malibu,,,Est. 1972. Beloved breakfast spot for 40+ years. Walk-up window. Famous breakfast burritos. Mon-Sat 6:30am-4pm; Sun 8am-4pm.
10,Bui Sushi,Malibu (Malibu Rd),Japanese / Sushi,"23733 Malibu Rd, Malibu, CA 90265",(310) 456-1500,Hello@BuiSushi.com,https://www.buisushi.com,https://www.yelp.com/biz/bui-sushi-malibu,,,Est. 2006. Finest quality fish from Hawaii and Japan. Mon-Thu 12-8:30pm; Fri-Sat 12-9pm; Sun 12-8:30pm.
10,Sake House Malibu,Malibu (PCH near Civic Center),Japanese / Sushi / Asian Fusion,"22741 Pacific Coast Hwy (3rd floor), Malibu, CA 90265",(424) 422-7512,reservations@sakehousemalibu.com,https://www.sakehousemalibu.com,https://www.yelp.com/biz/sake-house-malibu-malibu,,,"Est. 2025. Premium sake pairings, Pacific Ocean views. Mon closed; Tue-Fri 4-11pm; Sat 12pm-12am; Sun 12-11pm."
10,Malibu Sushi by Howdy,Malibu (Civic Center / Cross Creek),Japanese-Latin Fusion / Sushi,"23401 Civic Center Way, Ste 3A, Malibu, CA 90265",(424) 235-2354,,https://www.sushibyhowdy.com,https://www.yelp.com/biz/malibu-sushi-by-howdy-malibu,,,Est. 2023. Japanese sushi with Latin American flavors. Mon-Sun 11am-9pm.
10,Howdy's Sonrisa Cafe,Malibu (Civic Center / Cross Creek),Mexican / American,"23401 Civic Center Way, Malibu, CA 90265",(310) 579-7549,hola@howdyscafe.com,https://howdyscafe.com,https://www.yelp.com/biz/howdys-sonrisa-cafe-malibu,,,"Howdy Kabrins (La Salsa founder). Fresh, healthy Mexican fare."
10,Pita 'Bu,Malibu (PCH near Surfrider Beach),Israeli / Mediterranean / Kosher,"22935 E Pacific Coast Hwy, Malibu, CA 90265",(424) 235-2477,,,https://www.yelp.com/biz/pita-bu-malibu,,,"Kosher-certified by Chabad of Malibu. Falafel, sabich, vegan shawarma, kebabs. Dog-friendly. Mon-Thu 11am-6pm; Fri 11am-5pm; Sat closed."
10,D'Amore's Pizza (PCH),Malibu (PCH near Civic Center),Italian / Pizza,"22601 Pacific Coast Hwy, Ste 120, Malibu, CA 90265",(310) 317-4500,DAmoresPizzaMalibu@gmail.com,https://www.damoresfamouspizza.com,https://www.yelp.com/biz/d-amores-pizza-malibu,,,"Est. 1987. Organic vegetables, hormone-free meats, Naples-imported flour. Gluten-free and dairy-free options. Mon-Sun 11am-9pm."
10,D'Amore's Famous Pizza (Heathercliff),Malibu (Point Dume Village),Italian / Pizza,"29169 Heathercliff Rd, Ste 104, Malibu, CA 90265",(310) 457-2838,DAmoresPizzaMalibu@gmail.com,https://www.damoresfamouspizza.com,https://www.yelp.com/biz/d-amores-famous-pizza-malibu,,,Second Malibu location in Point Dume Village. Mon 11am-9pm; Tue closed; Wed-Sun 11am-9pm.
10,Gravina Malibu,Malibu (Far West PCH),Italian,"28925 Pacific Coast Hwy, Malibu, CA 90265",(310) 457-0711,gravinamalibu@gmail.com,http://www.gravinamalibu.com,https://www.yelp.com/biz/gravina-malibu-malibu,Contact for party bookings.,,"Family-owned. Owner Giuseppe Segreto from Puglia, Italy. Named after his hometown. Mon-Thu 4:30-9pm; Fri-Sat 4:30-10pm; Sun 4:30-9pm."
10,Spruzzo Restaurant & Bar (Malibu),Malibu (Far West PCH / Trancas),Italian / Pizza / Seafood,"29575 Pacific Coast Hwy, Malibu, CA 90265",(310) 457-8282,spruzzorestaurantandbar@gmail.com,https://spruzzomalibu.com,https://www.yelp.com/biz/spruzzo-restaurant-and-bar-malibu,,,"Family-owned. Wood-fired pizza, pasta, steaks, seafood. Ocean view patio. Mon-Thu 11am-9pm; Fri-Sun 11am-9:30pm."
10,La Nena Cantina,Malibu (Point Dume Village),Mexican,"29169 Heathercliff Rd, Ste 102, Malibu, CA 90265",(310) 340-7666,,https://lanenacantina.com,https://www.yelp.com/biz/la-nena-cantina-malibu-2,,,Elevated Mexican cuisine with Mediterranean aesthetic. Spacious bar. Happy Hour 3-6pm Mon-Fri. Mon-Thu 11am-9pm; Fri-Sat 11am-10pm; Sun 11am-9pm.
10,Lily's Malibu,Malibu (Point Dume Village),Mexican / Latin American / Deli,"29211 Heathercliff Rd, Malibu, CA 90265",(310) 457-3745,,https://lilysmalibu.com,https://www.yelp.com/biz/lilys-malibu-malibu,,,Est. 1999. Salvadoran-owned. Famous breakfast burritos and fish tacos. Locals' favorite. Call 45 min ahead to avoid waits. Mon-Fri 7am-6:30pm; Sat 7am-6pm; Sun 9am-6:30pm.
10,Le Cafe de la Plage,Malibu (Point Dume Village),French-Inspired Cafe / Bakery,"29169 Heathercliff Rd, Ste 112, Malibu, CA 90265",(310) 457-3380,,https://www.lecafedelaplagemalibu.com,https://www.yelp.com/biz/le-cafe-de-la-plage-malibu,,,French-inspired breakfast and lunch. Handcrafted ice cream (including vegan). Intelligentsia coffee. Mon-Thu 7am-5:30pm; Fri-Sun 7am-6pm.
10,SunLife Organics (Point Dume),Malibu (Point Dume Village),Juice Bar / Smoothies / Health Food,"29169 Heathercliff Rd, Ste 110, Malibu, CA 90265",(310) 457-6161,,https://www.sunlifeorganics.com,https://www.yelp.com/biz/sunlife-organics-malibu,,,"Acai bowls, smoothies, fresh juices, superfoods. Mon-Sun 8am-5pm."
10,SunLife Organics (Country Mart),Malibu (Cross Creek / Country Mart),Juice Bar / Smoothies / Health Food,"3835 Cross Creek Rd, Ste 3, Malibu, CA 90265",(310) 456-7070,,https://www.sunlifeorganics.com,https://www.yelp.com/biz/sunlife-organics-malibu-2,,,Second Malibu location at Malibu Country Mart.
10,Carbon Beach Club (Malibu Beach Inn),Malibu (Carbon Beach / PCH),New American / Californian,"22878 Pacific Coast Hwy, Malibu, CA 90265",(310) 651-7777,events@malibubeachinn.com,https://www.malibubeachinn.com,https://www.yelp.com/biz/carbon-beach-club-malibu-2,Contact hotel for private event inquiries.,,Located within the boutique Malibu Beach Inn. Oceanfront dining on Carbon Beach.
10,Malibu Brewing Company,Malibu (Trancas Country Market / Far West PCH),Brewery / American / Californian,"30745 E Pacific Coast Hwy R4, Malibu, CA 90265",(310) 684-2408,cheers@brewmalibu.com,https://brewmalibu.com,https://www.yelp.com/biz/malibu-brewing-malibu-7,Private event space available; contact directly.,,Family-owned craft brewery. Taproom & eatery at Trancas Country Market. Mon-Thu 11am-8pm; Fri-Sat 11am-8:30pm; Sun 11am-8pm.
10,Marmalade Cafe,Malibu (Cross Creek),American / Breakfast & Brunch / Californian,"3894 Cross Creek Rd, Malibu, CA 90265",(310) 317-4242,,https://www.marmaladecafe.com,https://www.yelp.com/biz/marmalade-cafe-malibu-malibu-5,,,Popular local chain. Vegetarian and gluten-free options. Sun-Thu 8am-8pm; Fri-Sat 8am-9pm.
10,Irv's Burgers,Malibu (Park at Cross Creek),Burgers / American,"23401 Cross Creek Rd, Bldg 1, Malibu, CA 90265",(310) 300-1946,,https://www.irvsburgers.com,https://www.yelp.com/biz/irvs-burgers-malibu,,,"Est. 1946 on Route 66. Shares space with Prince Street Pizza. Burgers, hot dogs, shakes, fries. Mon-Sun 11am-9pm."
10,Prince Street Pizza,Malibu (Park at Cross Creek),Pizza,"23401 Cross Creek Rd, Malibu, CA 90265",(310) 304-2074,,https://www.princestreetpizza.com,https://www.yelp.com/biz/prince-street-pizza-malibu,,,NYC-born (est. 2012). Famous pepperoni square slices. Shares space with Irv's Burgers.
10,John's Garden,Malibu (Cross Creek / Country Mart),Deli / Salads / Sandwiches / Juice,"3835 Cross Creek Rd, #1, Malibu, CA 90265",(310) 456-8377,,https://www.johnsgardenmalibu.com,https://www.yelp.com/biz/johns-garden-fresh-health-store-malibu-2,,,"Est. 1975. Started as produce stand. 12 salad varieties, 42+ sandwich varieties, soups, juices. Local favorite."
10,Malibu Mutt's Grill,Malibu (Cross Creek / Country Mart),American / Casual,"3835 Cross Creek Rd, Malibu, CA 90265",(310) 456-1211,,,https://www.yelp.com/biz/malibu-mutt-malibu,,,Casual American fare at Malibu Country Mart. Great for families by the playground.
10,Scott's Malibu Market,Malibu (Cross Creek / Country Mart),Cafe / American,"3835 Cross Creek Rd, Malibu, CA 90265",(310) 456-0177,,https://www.scottsmalibumarket.com,https://www.yelp.com/biz/scotts-malibu-market-malibu,,,"Newest eatery at Country Mart. Breakfast, lunch, and dinner daily."
10,Alfred Coffee (Malibu),Malibu (Cross Creek / Country Mart),Coffee / Cafe,"3835 Cross Creek Rd, #7, Malibu, CA 90265",(424) 320-5900,,https://alfred.la,https://www.yelp.com/biz/alfred-coffee-malibu-2,,,Trendy coffee chain. Outdoor seating at Country Mart.
10,Chipotle Mexican Grill (Malibu),Malibu (Cross Creek area),Mexican / Fast Casual,"Cross Creek area, Malibu, CA 90265",(424) 644-2184,,https://www.chipotle.com,https://www.yelp.com/biz/chipotle-mexican-grill-malibu,,,Fast-casual chain. Near Malibu Country Mart.
10,La La Cabana,Malibu (Eastern Malibu),Mediterranean / Moroccan,"Eastern Malibu, CA 90265",(424) 235-2458,,https://www.lalacabana.com,,,,New opening 2025. Bright Mediterranean and Moroccan eatery in East Malibu.
10,Moonshadows,Malibu (PCH),Seafood / New American,"20356 Pacific Coast Hwy, Malibu, CA 90265",(310) 456-3010,,https://moonshadowsmalibu.com,https://www.yelp.com/biz/moonshadows-malibu,Formerly offered private events and buyouts.,,PERMANENTLY CLOSED. Destroyed in Palisades Fire Jan 2025. Est. 2001. Was Travel Channel's 'sexiest beach restaurant.' Wine Spectator Award of Excellence 2006-2011.
10,Reel Inn Malibu,Malibu (PCH near Topanga border),Seafood,"18661 Pacific Coast Hwy, Malibu, CA 90265",(310) 456-8221,,https://reelinnmalibu.com,https://www.yelp.com/biz/reel-inn-malibu-malibu-2,,,CLOSED. Est. 1986. Classic roadside fish shack. Chalkboard menu of daily catches.
10,Cholada Thai Beach Cuisine,Malibu (PCH near Topanga border),Thai,"18763 Pacific Coast Hwy, Malibu, CA 90265",(310) 317-0025,,https://www.choladathaicuisine.com,https://www.yelp.com/biz/cholada-thai-beach-cuisine-malibu,,,CLOSED. Destroyed in Palisades Fire Jan 2025. State Parks declined lease renewal. Long Beach location still open.
10,Mr. Chow Malibu,Malibu (Cross Creek / Country Mart),Chinese / Beijing Cuisine,"3835 Cross Creek Rd, Ste 18A, Malibu, CA 90265",(310) 456-7600,,http://www.mrchow.com,https://www.yelp.com/biz/mr-chow-malibu-3,,,CLOSED. Beverly Hills flagship remains open.
10,Gladstones,Pacific Palisades (PCH at Sunset Blvd),Seafood / American,"17300 Pacific Coast Hwy, Pacific Palisades, CA 90272",(310) 454-3474,,https://www.gladstones.com,https://www.yelp.com/biz/gladstones-pacific-palisades-4,"Up to 1,500 guests. Outdoor decks, beachfront access, on-site and off-site catering. Banquet facilities, private rooms. Contact Gladstone Events at (310) 454-3474.","1,500 (max)",Est. 1972. LA landmark at Sunset Blvd & PCH. Survived 2025 fire. Oct 2025: Coastal Commission approved demolition for Wolfgang Puck/Frank Gehry redesign. Currently outdoor-only service. Valet $10-11.
10,Giorgio Baldi (Il Ristorante di Giorgio Baldi),Pacific Palisades (W Channel Rd),Italian / Fine Dining,"114 W Channel Rd, Santa Monica, CA 90402",(310) 573-1660,,https://www.giorgio-baldi.com,https://www.yelp.com/biz/il-ristorante-di-giorgio-baldi-santa-monica,Private Room available for parties. Contact restaurant directly.,,"Celebrity favorite. 30+ years. Dinner only 5-10pm, closed Mondays. Business casual dress code. Not on OpenTable; call for reservations. Pasta and seafood specialists."
10,Golden Bull,Pacific Palisades (W Channel Rd),Steakhouse / American,"170 W Channel Rd, Santa Monica, CA 90402",(310) 230-0402,,https://goldenbullsantamonica.com,https://www.yelp.com/biz/golden-bull-santa-monica,,,"Est. 1949. Classic steakhouse with prime rib, cocktails, wine program. Currently limited hours post-fire: Wed-Sat only. Happy hour 4:30pm weekdays."
10,Caffe Delfini,Pacific Palisades (W Channel Rd),Italian,"147 W Channel Rd, Santa Monica, CA 90402",(310) 459-8823,,https://caffedelfini.com,https://www.yelp.com/biz/caff%C3%A9-delfini-santa-monica-4,,,Est. 1990. Romantic Italian near the beach. Dinner only: Mon-Thu 5:30-9pm; Fri-Sat 5:30-9:30pm; Sun 5:30-9pm.
10,Hank's,Pacific Palisades (Palisades Village),New American / British-Inspired,"1033 N Swarthmore Ave, Pacific Palisades, CA 90272",(424) 363-7166,brcares@blueribbonrestaurants.com,https://hankspalisades.com,https://www.yelp.com/biz/hanks-los-angeles-2,,,TEMPORARILY CLOSED (fire-related). At Caruso's Palisades Village. London-meets-California brasserie. Sister restaurant Amici Brentwood open during closure.
10,The Draycott,Pacific Palisades (Palisades Village),British / Californian / European,"15255 Palisades Village Ln, Pacific Palisades, CA 90272",(310) 573-8938,,https://www.thedraycott.com,https://www.yelp.com/biz/the-draycott-pacific-palisades,,,CLOSED. Family-friendly brasserie. British classics with LA ingredients. $31-50 price range.
10,Blue Ribbon Sushi (Palisades Village),Pacific Palisades (Palisades Village),Japanese / Sushi,"Palisades Village, Pacific Palisades, CA 90272",(310) 907-9899,,https://www.blueribbonrestaurants.com,https://www.yelp.com/biz/blue-ribbon-sushi-pacific-palisades-pacific-palisades,,,"At Palisades Village. A5 wagyu, maki, sashimi, fried chicken, teppan section. Status uncertain post-fire."
10,Blue Ribbon Sports Bar,Pacific Palisades (Palisades Village),American / Sports Bar,"Palisades Village, Pacific Palisades, CA 90272",,,https://www.blueribbonrestaurants.com,,,,"First sports bar concept from Blue Ribbon. Craft beers, cocktails, customizable burgers. Status uncertain post-fire."
10,Angelini Ristorante & Bar,Pacific Palisades (Palisades Village),Italian,"1038 N Swarthmore Ave, Pacific Palisades, CA 90272",(424) 238-5870,,https://angelinipalisades.com,https://www.yelp.com/biz/angelini-ristorante-and-bar-los-angeles,,,TEMPORARILY CLOSED. From celebrated chef Gino Angelini. Modern Italian. When open: Mon-Fri 12-9:30pm.
10,Porta Via (Palisades Village),Pacific Palisades (Palisades Village),Californian / Wine Bar,"Palisades Village, Pacific Palisades, CA 90272",(310) 499-2989,,https://portaviarestaurants.com/pacific-palisades/,https://www.yelp.com/biz/porta-via-palisades-los-angeles,,,"All-day California bistro and wine bar. 150+ bottles of wine. Seasonal salads, sandwiches, wild-caught fish, pastas. Status uncertain post-fire."
10,Pearl Dragon,Pacific Palisades (Sunset Blvd),Asian Fusion / Japanese / Sushi,"15229 W Sunset Blvd, Pacific Palisades, CA 90272",(310) 459-9790,bianca.pearldragon@yahoo.com,https://www.thepearldragon.com,https://www.yelp.com/biz/pearl-dragon-pacific-palisades,,,"TEMPORARILY CLOSED. Est. 2001. 20+ years. Organic, sustainable ingredients. When open: dinner 5-9pm daily."
10,Casa Nostra Ristorante (Highlands),Pacific Palisades (Palisades Highlands),Italian,"1515 Palisades Dr, Pacific Palisades, CA 90272",(424) 268-4885,,https://casanostrala.com,https://www.yelp.com/biz/casa-nostra-ristorante-pacific-palisades,,,"CLOSED. Est. 2008. Imported Italian products, local produce. Westlake Village location now open."
10,Casa Nostra Trattoria on Sunset,Pacific Palisades (Sunset Blvd),Italian,"15306 W Sunset Blvd, Pacific Palisades, CA 90272",(424) 581-4000,,https://casanostrala.com,https://www.yelp.com/biz/casa-nostra-trattoria-on-sunset-pacifc-palisades,,,CLOSED. Second PaliPali location. Classic Italian trattoria.
10,Spruzzo Restaurant & Bar (Palisades),Pacific Palisades (Palisades Dr),Italian / Pizza,"538 Palisades Dr, Pacific Palisades, CA 90272",(424) 426-5900,admin@spruzzopalisades.com,https://www.spruzzopalisades.com,https://www.yelp.com/biz/spruzzo-restaurant-and-bar-pacific-palisades,,,"Family-owned Italian-American. Pizza, pasta, salad, steak, seafood. Mon-Thu 11am-9pm."
10,Cafe Vida,Pacific Palisades (Antioch St / Village),Latin American / Californian / Breakfast,"15317 Antioch St, Pacific Palisades, CA 90272",(310) 573-1335,,https://cafevida.net,https://www.yelp.com/biz/cafe-vida-pacific-palisades-2,,,TEMPORARILY CLOSED. 23+ years serving the community. Low-fat California and Latin dishes. Hoping to rebuild.
10,Palisades Garden Cafe,Pacific Palisades (La Cruz Dr / off Sunset),Cafe / Bakery / Sandwiches,"15231 La Cruz Dr, Pacific Palisades, CA 90272",(310) 459-6160,palisadesgardencafe@gmail.com,https://www.paligardencafe.com,https://www.yelp.com/biz/palisades-garden-cafe-pacific-palisades,,,"Neighborhood staple. Great sandwiches and salads, popular vegetarian options. Mon-Fri 6:30am-5pm."
10,Moku Sushi,Pacific Palisades (Palisades Highlands),Japanese / Sushi,"524 Palisades Dr, Pacific Palisades, CA 90272",(424) 272-9329,,https://mokusushi.com,https://www.yelp.com/biz/moku-sushi-pacific-palisades,,,"Reopened April 2025 after fire. Daily 11:30am-8pm. Fresh sushi, specialty rolls, miso black cod."
10,Vittorio's Ristorante & Pizzeria,Pacific Palisades (Marquez Ave / W Channel Rd),Italian / Pizza,"169 W Channel Rd, Santa Monica, CA 90402",(310) 459-3755,info@vittoriosla.com,http://www.vittoriosla.com,https://www.yelp.com/biz/vittorios-santa-monica,,,Est. 1984. Southern Italian cuisine. Family-owned. Waiters may break into song. Tue-Sat 11am-9:30pm; Sun 4-9:30pm; Mon closed. Formerly at 16646 Marquez Ave.
10,Rocco's Cucina,Pacific Palisades (Sunset Blvd),Italian / Pizza,"17332 W Sunset Blvd, Pacific Palisades, CA 90272",(310) 573-3727,,https://roccospalisades.com,https://www.yelp.com/biz/roccos-cucina-pacific-palisades,,,TEMPORARILY CLOSED. Est. 2000. New York style pizza. Homemade Italian food. Bronx-inspired.
10,Matthew's Garden Cafe,Pacific Palisades (Swarthmore Ave),Cafe / Breakfast & Brunch,"859 1/2 Swarthmore Ave, Pacific Palisades, CA 90272",(310) 573-9777,MatthewsGardenCafe@yahoo.com,https://www.matthewsgardencafe.com,https://www.yelp.com/biz/matthews-garden-cafe-pacific-palisades,,,TEMPORARILY CLOSED (fire-related).
10,Taste at the Palisades,Pacific Palisades (Palisades Dr at Sunset),Californian / Comfort Food / Pizza,"538 Palisades Dr, Pacific Palisades, CA 90272",(310) 459-9808,,https://ilovetaste.com,https://www.opentable.com/r/taste-at-the-palisades-pacific-palisades,,,"Sister restaurant to Taste on Melrose. Stone oven pizzas, Kobe beef burger, mac n cheese, seasonal dishes. Moderate prices."
10,Jemma Pizzeria,Pacific Palisades (Palisades Village),Pizza / Italian,"1061 N Swarthmore Ave, Pacific Palisades, CA 90272",(424) 238-8026,,https://www.jemmarestaurants.com/pizzeria,https://www.yelp.com/biz/jemma-pizzeria-pacific-palisades,,,CLOSED. From the team behind Jame Enoteca and Ospi. Medium-thick charred bubbly crust.
10,Edo Little Bites,Pacific Palisades (Palisades Village),Italian / Cafe / Bakery,"Palisades Village, Pacific Palisades, CA 90272",(424) 581-6515,,https://www.edobites.us,https://www.yelp.com/biz/edo-bites-pacific-palisades,,,"Offspring of Edoardo Baldi's Beverly Hills e. baldi. Cappuccino, pistachio gelato, gnocchi, brioche. Status uncertain post-fire."
10,Inn of the Seventh Ray,Topanga,New American / Organic / Californian,"128 Old Topanga Canyon Rd, Topanga, CA 90290",(310) 455-1311,events@innoftheseventhray.com,https://www.innoftheseventhray.com,https://www.yelp.com/biz/inn-of-the-seventh-ray-topanga,"Fountain Patio (up to 130 guests). Waterfall Patio (up to 45). Garden Room (up to 50, fireplace). Main Dining Room (up to 40, former church). 3 private gazebos. Combined spaces for 250 wedding guests. Indoors: 48 guests. On-site catering. Contact Wedding Sales Director or Private Events Coordinator.",250 (max combined); 48 (indoors only),"Est. 1970s. Creekside dining in Santa Monica Mountains. LA's most romantic restaurant. 90% outdoor seating. Organic, free-range, sustainable. Business casual. Mon-Thu 10am-2:30pm & 5:30-9:30pm; Fri 10am-2:30pm & 5:30-10pm; Sat-Sun 9am-3pm & 5:30-10pm."
10,Canyon Bistro & Wine Bar,Topanga,French-American / Bistro,"120 N Topanga Canyon Blvd, Ste 119, Topanga, CA 90290",(310) 455-7800,info@canyonbistrotopanga.com,https://www.canyonbistrotopanga.com,https://www.yelp.com/biz/canyon-bistro-in-topanga-topanga,,,"Est. 2007. True French-American bistro food. Live music Fridays 7pm. Happy Hour available. Lunch, dinner, Sunday brunch."
10,Cafe on 27,Topanga,Breakfast & Brunch / Cafe / Californian,"1861 N Topanga Canyon Blvd, Topanga, CA 90290",(424) 272-7267,,https://www.cafe-27.com,https://www.yelp.com/biz/cafe-on-27-topanga,,,Hidden gem with treehouse-like atmosphere. Breathtaking canyon views. Almost entirely outdoor. Mon-Fri 9am-3:30pm; Sat 8am-4pm; Sun 8am-5pm.
10,Endless Color,Topanga,Pizza / Wine Bar / Coffee,"123 S Topanga Canyon Blvd, Topanga, CA 90290",(310) 752-6409,,https://endlesscolortopanga.com,https://www.yelp.com/biz/endless-color-topanga,,,Pizza + biodynamic wines + coffee + records + crystals. Pastel-tabled patio. In former Rocco's space. Daily 10am-9pm.
10,Topanga Living Cafe (TLC),Topanga,Cafe / Organic / Breakfast & Lunch,"1704 N Topanga Canyon Blvd, Topanga, CA 90290",(310) 455-9888,topangalivingcafe@gmail.com,https://www.topangalivingcafe.com,https://www.yelp.com/biz/topanga-living-cafe-topanga,,,"Organic food, coffee, gourmet shopping. Bali-inspired. Mon-Sun 8am-3pm."
10,La Chingona Tacos,Topanga,Mexican / Tacos / Gluten-Free,"152 S Topanga Canyon Blvd, Topanga, CA 90290",(310) 433-0136,tacoslachingona2019@gmail.com,https://lachingonatacos.com,https://www.yelp.com/biz/la-chingona-tacos-topanga-2,Catering available.,,All gluten and dairy free. Handmade organic tortillas. Owner Adriana Lemus. Limited hours: Tue & Fri 3-8pm.
10,Saint & Second,Topanga Village (Woodland Hills border),New American / Seasonal / Craft Cocktails,"6220 CA-27, Ste 1480, Woodland Hills, CA 91367",(818) 474-6220,,https://www.saintandsecond.com,https://www.yelp.com/biz/saint-and-second-woodland-hills,,,Chef-driven seasonal cuisine. 100s of curated whiskies. California artists. At Topanga Village center. Mon-Thu 11am-10pm; Fri 11am-11pm; Sat 10am-11pm; Sun 10am-10pm.
10,Rocco's In the Canyon,Topanga,Italian / Pizza,"123 S Topanga Canyon Blvd, Topanga, CA 90290",(310) 455-2487,,,https://www.yelp.com/biz/roccos-in-the-canyon-topanga,,,CLOSED. Replaced by Endless Color at same address.
